{
  "slurm_job_id": "45106",
  "checkpoint_path": "/home/u257295/Thesis/outputs/timesformer_f0.5_job45106/best_timesformer_model.pth",
  "best_val_top1": 74.89177489177489,
  "epochs_completed": 11,
  "max_epochs": 100,
  "early_stopping": {
    "enabled": true,
    "patience": 10,
    "min_delta": 0.0001,
    "best_val_loss": 1.089265363102424,
    "stopped_early": true
  },
  "temporal_conditions": {
    "0.5": {
      "top1": 74.89177489177489,
      "top5": 90.5844155844156,
      "macro_precision": 0.7678280050384696,
      "macro_recall": 0.7459227259978095,
      "macro_f1": 0.7414003334399296,
      "per_class": {
        "ApplyEyeMakeup": {
          "precision": 0.7,
          "recall": 0.9459459459459459,
          "f1": 0.8045977011494254,
          "support": 37
        },
        "ApplyLipstick": {
          "precision": 0.9166666666666666,
          "recall": 0.6666666666666666,
          "f1": 0.7719298245614035,
          "support": 33
        },
        "Archery": {
          "precision": 0.9444444444444444,
          "recall": 0.4473684210526316,
          "f1": 0.6071428571428572,
          "support": 38
        },
        "BabyCrawling": {
          "precision": 0.7575757575757576,
          "recall": 0.6410256410256411,
          "f1": 0.6944444444444444,
          "support": 39
        },
        "BalanceBeam": {
          "precision": 0.8,
          "recall": 0.9032258064516129,
          "f1": 0.8484848484848486,
          "support": 31
        },
        "BandMarching": {
          "precision": 0.5694444444444444,
          "recall": 0.9534883720930233,
          "f1": 0.7130434782608696,
          "support": 43
        },
        "BaseballPitch": {
          "precision": 0.6875,
          "recall": 0.825,
          "f1": 0.75,
          "support": 40
        },
        "Basketball": {
          "precision": 0.6976744186046512,
          "recall": 0.7142857142857143,
          "f1": 0.7058823529411765,
          "support": 42
        },
        "BasketballDunk": {
          "precision": 0.9512195121951219,
          "recall": 0.975,
          "f1": 0.9629629629629629,
          "support": 40
        },
        "BenchPress": {
          "precision": 0.9090909090909091,
          "recall": 0.9523809523809523,
          "f1": 0.9302325581395349,
          "support": 42
        },
        "Biking": {
          "precision": 0.8888888888888888,
          "recall": 1.0,
          "f1": 0.9411764705882353,
          "support": 40
        },
        "Billiards": {
          "precision": 0.9545454545454546,
          "recall": 1.0,
          "f1": 0.9767441860465117,
          "support": 42
        },
        "BlowDryHair": {
          "precision": 0.875,
          "recall": 0.6176470588235294,
          "f1": 0.7241379310344829,
          "support": 34
        },
        "BlowingCandles": {
          "precision": 0.5625,
          "recall": 0.9642857142857143,
          "f1": 0.7105263157894737,
          "support": 28
        },
        "BodyWeightSquats": {
          "precision": 0.5,
          "recall": 0.5,
          "f1": 0.5,
          "support": 30
        },
        "Bowling": {
          "precision": 0.8958333333333334,
          "recall": 1.0,
          "f1": 0.945054945054945,
          "support": 43
        },
        "BoxingPunchingBag": {
          "precision": 0.975,
          "recall": 0.8666666666666667,
          "f1": 0.9176470588235294,
          "support": 45
        },
        "BoxingSpeedBag": {
          "precision": 0.8648648648648649,
          "recall": 0.8648648648648649,
          "f1": 0.8648648648648649,
          "support": 37
        },
        "BreastStroke": {
          "precision": 0.8888888888888888,
          "recall": 0.8275862068965517,
          "f1": 0.8571428571428572,
          "support": 29
        },
        "BrushingTeeth": {
          "precision": 0.8260869565217391,
          "recall": 0.5588235294117647,
          "f1": 0.6666666666666667,
          "support": 34
        },
        "CleanAndJerk": {
          "precision": 0.9047619047619048,
          "recall": 0.6333333333333333,
          "f1": 0.7450980392156863,
          "support": 30
        },
        "CliffDiving": {
          "precision": 0.9310344827586207,
          "recall": 0.7105263157894737,
          "f1": 0.8059701492537312,
          "support": 38
        },
        "CricketBowling": {
          "precision": 0.7391304347826086,
          "recall": 0.40476190476190477,
          "f1": 0.523076923076923,
          "support": 42
        },
        "CricketShot": {
          "precision": 0.6363636363636364,
          "recall": 0.813953488372093,
          "f1": 0.7142857142857143,
          "support": 43
        },
        "CuttingInKitchen": {
          "precision": 0.5434782608695652,
          "recall": 0.8928571428571429,
          "f1": 0.6756756756756757,
          "support": 28
        },
        "Diving": {
          "precision": 0.8636363636363636,
          "recall": 1.0,
          "f1": 0.9268292682926829,
          "support": 38
        },
        "Drumming": {
          "precision": 0.7428571428571429,
          "recall": 0.5416666666666666,
          "f1": 0.6265060240963857,
          "support": 48
        },
        "Fencing": {
          "precision": 0.8518518518518519,
          "recall": 0.8214285714285714,
          "f1": 0.8363636363636364,
          "support": 28
        },
        "FieldHockeyPenalty": {
          "precision": 0.6666666666666666,
          "recall": 0.5333333333333333,
          "f1": 0.5925925925925926,
          "support": 30
        },
        "FloorGymnastics": {
          "precision": 0.6923076923076923,
          "recall": 0.972972972972973,
          "f1": 0.8089887640449438,
          "support": 37
        },
        "FrisbeeCatch": {
          "precision": 0.6101694915254238,
          "recall": 0.972972972972973,
          "f1": 0.7500000000000001,
          "support": 37
        },
        "FrontCrawl": {
          "precision": 0.8372093023255814,
          "recall": 0.9230769230769231,
          "f1": 0.878048780487805,
          "support": 39
        },
        "GolfSwing": {
          "precision": 0.8823529411764706,
          "recall": 0.75,
          "f1": 0.8108108108108107,
          "support": 40
        },
        "Haircut": {
          "precision": 0.7714285714285715,
          "recall": 0.7714285714285715,
          "f1": 0.7714285714285715,
          "support": 35
        },
        "HammerThrow": {
          "precision": 0.0,
          "recall": 0.0,
          "f1": 0.0,
          "support": 36
        },
        "Hammering": {
          "precision": 0.0,
          "recall": 0.0,
          "f1": 0.0,
          "support": 42
        },
        "HandstandPushups": {
          "precision": 0.8,
          "recall": 0.47619047619047616,
          "f1": 0.5970149253731344,
          "support": 42
        },
        "HandstandWalking": {
          "precision": 0.2682926829268293,
          "recall": 0.3548387096774194,
          "f1": 0.3055555555555556,
          "support": 31
        },
        "HeadMassage": {
          "precision": 0.6101694915254238,
          "recall": 0.8780487804878049,
          "f1": 0.7200000000000001,
          "support": 41
        },
        "HighJump": {
          "precision": 0.5217391304347826,
          "recall": 0.7741935483870968,
          "f1": 0.6233766233766235,
          "support": 31
        },
        "HorseRace": {
          "precision": 1.0,
          "recall": 1.0,
          "f1": 1.0,
          "support": 36
        },
        "HorseRiding": {
          "precision": 1.0,
          "recall": 0.9090909090909091,
          "f1": 0.9523809523809523,
          "support": 44
        },
        "HulaHoop": {
          "precision": 0.8571428571428571,
          "recall": 0.6857142857142857,
          "f1": 0.7619047619047619,
          "support": 35
        },
        "IceDancing": {
          "precision": 1.0,