{
  "slurm_job_id": "44638",
  "checkpoint_path": "/home/u257295/Thesis/outputs/resnet_f0.5_job44638/best_resnet_model.pth",
  "best_val_top1": 70.86234600964113,
  "temporal_conditions": {
    "0.5": {
      "top1": 70.86234600964113,
      "top5": 88.51098018211033,
      "macro_precision": 0.7346955390395669,
      "macro_recall": 0.7063672496876574,
      "macro_f1": 0.7054579069000991,
      "per_class": {
        "ApplyEyeMakeup": {
          "precision": 0.5882352941176471,
          "recall": 0.5128205128205128,
          "f1": 0.547945205479452,
          "support": 39
        },
        "ApplyLipstick": {
          "precision": 0.7222222222222222,
          "recall": 0.896551724137931,
          "f1": 0.7999999999999999,
          "support": 29
        },
        "Archery": {
          "precision": 0.45454545454545453,
          "recall": 0.24390243902439024,
          "f1": 0.31746031746031744,
          "support": 41
        },
        "BabyCrawling": {
          "precision": 0.7352941176470589,
          "recall": 0.7142857142857143,
          "f1": 0.7246376811594202,
          "support": 35
        },
        "BalanceBeam": {
          "precision": 0.5185185185185185,
          "recall": 0.9655172413793104,
          "f1": 0.6746987951807228,
          "support": 29
        },
        "BandMarching": {
          "precision": 0.8,
          "recall": 0.8,
          "f1": 0.8000000000000002,
          "support": 45
        },
        "BaseballPitch": {
          "precision": 0.9,
          "recall": 0.9230769230769231,
          "f1": 0.9113924050632911,
          "support": 39
        },
        "Basketball": {
          "precision": 0.8461538461538461,
          "recall": 0.3333333333333333,
          "f1": 0.47826086956521735,
          "support": 33
        },
        "BasketballDunk": {
          "precision": 0.9210526315789473,
          "recall": 0.9722222222222222,
          "f1": 0.9459459459459458,
          "support": 36
        },
        "BenchPress": {
          "precision": 1.0,
          "recall": 0.8636363636363636,
          "f1": 0.9268292682926829,
          "support": 44
        },
        "Biking": {
          "precision": 1.0,
          "recall": 0.6111111111111112,
          "f1": 0.7586206896551725,
          "support": 36
        },
        "Billiards": {
          "precision": 1.0,
          "recall": 1.0,
          "f1": 1.0,
          "support": 46
        },
        "BlowDryHair": {
          "precision": 0.5,
          "recall": 0.525,
          "f1": 0.5121951219512195,
          "support": 40
        },
        "BlowingCandles": {
          "precision": 0.9130434782608695,
          "recall": 0.7,
          "f1": 0.7924528301886793,
          "support": 30
        },
        "BodyWeightSquats": {
          "precision": 0.76,
          "recall": 0.59375,
          "f1": 0.6666666666666666,
          "support": 32
        },
        "Bowling": {
          "precision": 0.975609756097561,
          "recall": 0.9302325581395349,
          "f1": 0.9523809523809524,
          "support": 43
        },
        "BoxingPunchingBag": {
          "precision": 0.8620689655172413,
          "recall": 0.6097560975609756,
          "f1": 0.7142857142857144,
          "support": 41
        },
        "BoxingSpeedBag": {
          "precision": 1.0,
          "recall": 0.85,
          "f1": 0.9189189189189189,
          "support": 40
        },
        "BreastStroke": {
          "precision": 0.9230769230769231,
          "recall": 0.42857142857142855,
          "f1": 0.5853658536585366,
          "support": 28
        },
        "BrushingTeeth": {
          "precision": 0.5416666666666666,
          "recall": 0.38235294117647056,
          "f1": 0.44827586206896547,
          "support": 34
        },
        "CleanAndJerk": {
          "precision": 0.75,
          "recall": 0.8181818181818182,
          "f1": 0.7826086956521738,
          "support": 33
        },
        "CliffDiving": {
          "precision": 0.5,
          "recall": 0.8780487804878049,
          "f1": 0.6371681415929205,
          "support": 41
        },
        "CricketBowling": {
          "precision": 0.7307692307692307,
          "recall": 0.48717948717948717,
          "f1": 0.5846153846153846,
          "support": 39
        },
        "CricketShot": {
          "precision": 0.7115384615384616,
          "recall": 0.7551020408163265,
          "f1": 0.7326732673267328,
          "support": 49
        },
        "CuttingInKitchen": {
          "precision": 0.9,
          "recall": 0.8709677419354839,
          "f1": 0.8852459016393444,
          "support": 31
        },
        "Diving": {
          "precision": 0.95,
          "recall": 0.8636363636363636,
          "f1": 0.9047619047619048,
          "support": 44
        },
        "Drumming": {
          "precision": 0.8636363636363636,
          "recall": 0.8837209302325582,
          "f1": 0.8735632183908046,
          "support": 43
        },
        "Fencing": {
          "precision": 0.7428571428571429,
          "recall": 0.7878787878787878,
          "f1": 0.7647058823529412,
          "support": 33
        },
        "FieldHockeyPenalty": {
          "precision": 0.6888888888888889,
          "recall": 0.8378378378378378,
          "f1": 0.7560975609756098,
          "support": 37
        },
        "FloorGymnastics": {
          "precision": 0.7441860465116279,
          "recall": 0.9142857142857143,
          "f1": 0.8205128205128205,
          "support": 35
        },
        "FrisbeeCatch": {
          "precision": 0.6071428571428571,
          "recall": 1.0,
          "f1": 0.7555555555555554,
          "support": 34
        },
        "FrontCrawl": {
          "precision": 0.68,
          "recall": 0.8947368421052632,
          "f1": 0.7727272727272727,
          "support": 38
        },
        "GolfSwing": {
          "precision": 0.5909090909090909,
          "recall": 0.7878787878787878,
          "f1": 0.6753246753246752,
          "support": 33
        },
        "Haircut": {
          "precision": 0.5333333333333333,
          "recall": 0.6486486486486487,
          "f1": 0.5853658536585367,
          "support": 37
        },
        "HammerThrow": {
          "precision": 0.0,
          "recall": 0.0,
          "f1": 0.0,
          "support": 46
        },
        "Hammering": {
          "precision": 0.0,
          "recall": 0.0,
          "f1": 0.0,
          "support": 41
        },
        "HandstandPushups": {
          "precision": 0.6938775510204082,
          "recall": 0.918918918918919,
          "f1": 0.7906976744186046,
          "support": 37
        },
        "HandstandWalking": {
          "precision": 0.13793103448275862,
          "recall": 0.14285714285714285,
          "f1": 0.14035087719298248,
          "support": 28
        },
        "HeadMassage": {
          "precision": 0.7419354838709677,
          "recall": 0.575,
          "f1": 0.6478873239436619,
          "support": 40
        },
        "HighJump": {
          "precision": 0.8,
          "recall": 0.23529411764705882,
          "f1": 0.3636363636363636,
          "support": 34
        },
        "HorseRace": {
          "precision": 0.8205128205128205,
          "recall": 0.9696969696969697,
          "f1": 0.8888888888888888,
          "support": 33
        },
        "HorseRiding": {
          "precision": 1.0,
          "recall": 0.5909090909090909,
          "f1": 0.7428571428571429,
          "support": 44
        },
        "HulaHoop": {
          "precision": 0.9444444444444444,
          "recall": 0.4722222222222222,
          "f1": 0.6296296296296297,
          "support": 36
        },
        "IceDancing": {
          "precision": 0.8571428571428571,
          "recall": 1.0,
          "f1": 0.923076923076923,
          "support": 42
        },
        "JavelinThrow": {
          "precision": 0.32075471698113206,
          "recall": 0.5151515151515151,