{
  "slurm_job_id": "44658",
  "checkpoint_path": "/home/u257295/Thesis/outputs/resnet_f0.1_job44658/best_resnet_model.pth",
  "best_val_top1": 64.06926406926407,
  "temporal_conditions": {
    "0.1": {
      "top1": 64.06926406926407,
      "top5": 83.68506493506493,
      "macro_precision": 0.6594843920550937,
      "macro_recall": 0.6377692191432714,
      "macro_f1": 0.6281098043632644,
      "per_class": {
        "ApplyEyeMakeup": {
          "precision": 0.6530612244897959,
          "recall": 0.8648648648648649,
          "f1": 0.7441860465116279,
          "support": 37
        },
        "ApplyLipstick": {
          "precision": 0.8076923076923077,
          "recall": 0.6363636363636364,
          "f1": 0.7118644067796609,
          "support": 33
        },
        "Archery": {
          "precision": 0.375,
          "recall": 0.07894736842105263,
          "f1": 0.13043478260869565,
          "support": 38
        },
        "BabyCrawling": {
          "precision": 0.5964912280701754,
          "recall": 0.8717948717948718,
          "f1": 0.7083333333333334,
          "support": 39
        },
        "BalanceBeam": {
          "precision": 0.6363636363636364,
          "recall": 0.6774193548387096,
          "f1": 0.65625,
          "support": 31
        },
        "BandMarching": {
          "precision": 0.8604651162790697,
          "recall": 0.8604651162790697,
          "f1": 0.8604651162790697,
          "support": 43
        },
        "BaseballPitch": {
          "precision": 0.7333333333333333,
          "recall": 0.825,
          "f1": 0.776470588235294,
          "support": 40
        },
        "Basketball": {
          "precision": 0.5952380952380952,
          "recall": 0.5952380952380952,
          "f1": 0.5952380952380952,
          "support": 42
        },
        "BasketballDunk": {
          "precision": 0.8837209302325582,
          "recall": 0.95,
          "f1": 0.9156626506024096,
          "support": 40
        },
        "BenchPress": {
          "precision": 1.0,
          "recall": 0.5952380952380952,
          "f1": 0.7462686567164178,
          "support": 42
        },
        "Biking": {
          "precision": 0.72,
          "recall": 0.9,
          "f1": 0.7999999999999999,
          "support": 40
        },
        "Billiards": {
          "precision": 0.95,
          "recall": 0.9047619047619048,
          "f1": 0.9268292682926829,
          "support": 42
        },
        "BlowDryHair": {
          "precision": 0.6052631578947368,
          "recall": 0.6764705882352942,
          "f1": 0.6388888888888888,
          "support": 34
        },
        "BlowingCandles": {
          "precision": 0.6666666666666666,
          "recall": 1.0,
          "f1": 0.8,
          "support": 28
        },
        "BodyWeightSquats": {
          "precision": 0.2653061224489796,
          "recall": 0.43333333333333335,
          "f1": 0.3291139240506329,
          "support": 30
        },
        "Bowling": {
          "precision": 0.7192982456140351,
          "recall": 0.9534883720930233,
          "f1": 0.8200000000000001,
          "support": 43
        },
        "BoxingPunchingBag": {
          "precision": 0.8666666666666667,
          "recall": 0.28888888888888886,
          "f1": 0.43333333333333335,
          "support": 45
        },
        "BoxingSpeedBag": {
          "precision": 0.9130434782608695,
          "recall": 0.5675675675675675,
          "f1": 0.6999999999999998,
          "support": 37
        },
        "BreastStroke": {
          "precision": 0.5789473684210527,
          "recall": 0.3793103448275862,
          "f1": 0.45833333333333337,
          "support": 29
        },
        "BrushingTeeth": {
          "precision": 0.39285714285714285,
          "recall": 0.3235294117647059,
          "f1": 0.3548387096774193,
          "support": 34
        },
        "CleanAndJerk": {
          "precision": 0.8709677419354839,
          "recall": 0.9,
          "f1": 0.8852459016393444,
          "support": 30
        },
        "CliffDiving": {
          "precision": 0.58,
          "recall": 0.7631578947368421,
          "f1": 0.6590909090909091,
          "support": 38
        },
        "CricketBowling": {
          "precision": 0.4642857142857143,
          "recall": 0.6190476190476191,
          "f1": 0.5306122448979592,
          "support": 42
        },
        "CricketShot": {
          "precision": 0.6,
          "recall": 0.13953488372093023,
          "f1": 0.22641509433962265,
          "support": 43
        },
        "CuttingInKitchen": {
          "precision": 0.5,
          "recall": 0.8214285714285714,
          "f1": 0.6216216216216216,
          "support": 28
        },
        "Diving": {
          "precision": 0.868421052631579,
          "recall": 0.868421052631579,
          "f1": 0.868421052631579,
          "support": 38
        },
        "Drumming": {
          "precision": 1.0,
          "recall": 0.6666666666666666,
          "f1": 0.8,
          "support": 48
        },
        "Fencing": {
          "precision": 0.84,
          "recall": 0.75,
          "f1": 0.7924528301886793,
          "support": 28
        },
        "FieldHockeyPenalty": {
          "precision": 0.46808510638297873,
          "recall": 0.7333333333333333,
          "f1": 0.5714285714285714,
          "support": 30
        },
        "FloorGymnastics": {
          "precision": 0.5849056603773585,
          "recall": 0.8378378378378378,
          "f1": 0.6888888888888889,
          "support": 37
        },
        "FrisbeeCatch": {
          "precision": 0.7441860465116279,
          "recall": 0.8648648648648649,
          "f1": 0.8,
          "support": 37
        },
        "FrontCrawl": {
          "precision": 0.6101694915254238,
          "recall": 0.9230769230769231,
          "f1": 0.7346938775510206,
          "support": 39
        },
        "GolfSwing": {
          "precision": 0.7,
          "recall": 0.7,
          "f1": 0.7,
          "support": 40
        },
        "Haircut": {
          "precision": 0.5,
          "recall": 0.4857142857142857,
          "f1": 0.49275362318840576,
          "support": 35
        },
        "HammerThrow": {
          "precision": 0.0,
          "recall": 0.0,
          "f1": 0.0,
          "support": 36
        },
        "Hammering": {
          "precision": 0.015625,
          "recall": 0.023809523809523808,
          "f1": 0.018867924528301886,
          "support": 42
        },
        "HandstandPushups": {
          "precision": 0.7857142857142857,
          "recall": 0.5238095238095238,
          "f1": 0.6285714285714286,
          "support": 42
        },
        "HandstandWalking": {
          "precision": 0.28125,
          "recall": 0.2903225806451613,
          "f1": 0.28571428571428575,
          "support": 31
        },
        "HeadMassage": {
          "precision": 0.875,
          "recall": 0.5121951219512195,
          "f1": 0.6461538461538462,
          "support": 41
        },
        "HighJump": {
          "precision": 0.24242424242424243,
          "recall": 0.25806451612903225,
          "f1": 0.25,
          "support": 31
        },
        "HorseRace": {
          "precision": 0.8571428571428571,
          "recall": 1.0,
          "f1": 0.923076923076923,
          "support": 36
        },
        "HorseRiding": {
          "precision": 0.6615384615384615,
          "recall": 0.9772727272727273,
          "f1": 0.7889908256880733,
          "support": 44
        },
        "HulaHoop": {
          "precision": 0.5135135135135135,
          "recall": 0.5428571428571428,
          "f1": 0.5277777777777778,
          "support": 35
        },
        "IceDancing": {
          "precision": 0.8837209302325582,
          "recall": 0.9047619047619048,
          "f1": 0.8941176470588236,
          "support": 42
        },
        "JavelinThrow": {
          "precision": 0.3333333333333333,
          "recall": 0.42424242424242425,