{
  "slurm_job_id": "44660",
  "checkpoint_path": "/home/u257295/Thesis/outputs/resnet_f0.5_job44660/best_resnet_model.pth",
  "best_val_top1": 69.66991341991343,
  "temporal_conditions": {
    "0.5": {
      "top1": 69.66991341991343,
      "top5": 88.82575757575758,
      "macro_precision": 0.73265385162525,
      "macro_recall": 0.6934631140127436,
      "macro_f1": 0.6945419894002038,
      "per_class": {
        "ApplyEyeMakeup": {
          "precision": 0.9032258064516129,
          "recall": 0.7567567567567568,
          "f1": 0.823529411764706,
          "support": 37
        },
        "ApplyLipstick": {
          "precision": 0.76,
          "recall": 0.5757575757575758,
          "f1": 0.6551724137931034,
          "support": 33
        },
        "Archery": {
          "precision": 0.8235294117647058,
          "recall": 0.3684210526315789,
          "f1": 0.509090909090909,
          "support": 38
        },
        "BabyCrawling": {
          "precision": 0.7619047619047619,
          "recall": 0.8205128205128205,
          "f1": 0.7901234567901233,
          "support": 39
        },
        "BalanceBeam": {
          "precision": 0.71875,
          "recall": 0.7419354838709677,
          "f1": 0.7301587301587302,
          "support": 31
        },
        "BandMarching": {
          "precision": 0.7708333333333334,
          "recall": 0.8604651162790697,
          "f1": 0.8131868131868132,
          "support": 43
        },
        "BaseballPitch": {
          "precision": 0.75,
          "recall": 0.825,
          "f1": 0.7857142857142856,
          "support": 40
        },
        "Basketball": {
          "precision": 0.5,
          "recall": 0.6428571428571429,
          "f1": 0.5625000000000001,
          "support": 42
        },
        "BasketballDunk": {
          "precision": 0.95,
          "recall": 0.95,
          "f1": 0.9500000000000001,
          "support": 40
        },
        "BenchPress": {
          "precision": 1.0,
          "recall": 0.9047619047619048,
          "f1": 0.9500000000000001,
          "support": 42
        },
        "Biking": {
          "precision": 1.0,
          "recall": 0.975,
          "f1": 0.9873417721518987,
          "support": 40
        },
        "Billiards": {
          "precision": 0.8085106382978723,
          "recall": 0.9047619047619048,
          "f1": 0.853932584269663,
          "support": 42
        },
        "BlowDryHair": {
          "precision": 0.4444444444444444,
          "recall": 0.7058823529411765,
          "f1": 0.5454545454545455,
          "support": 34
        },
        "BlowingCandles": {
          "precision": 1.0,
          "recall": 0.8928571428571429,
          "f1": 0.9433962264150945,
          "support": 28
        },
        "BodyWeightSquats": {
          "precision": 0.2898550724637681,
          "recall": 0.6666666666666666,
          "f1": 0.40404040404040403,
          "support": 30
        },
        "Bowling": {
          "precision": 0.7543859649122807,
          "recall": 1.0,
          "f1": 0.86,
          "support": 43
        },
        "BoxingPunchingBag": {
          "precision": 0.8918918918918919,
          "recall": 0.7333333333333333,
          "f1": 0.8048780487804879,
          "support": 45
        },
        "BoxingSpeedBag": {
          "precision": 0.90625,
          "recall": 0.7837837837837838,
          "f1": 0.8405797101449275,
          "support": 37
        },
        "BreastStroke": {
          "precision": 0.75,
          "recall": 0.7241379310344828,
          "f1": 0.736842105263158,
          "support": 29
        },
        "BrushingTeeth": {
          "precision": 0.4166666666666667,
          "recall": 0.5882352941176471,
          "f1": 0.48780487804878053,
          "support": 34
        },
        "CleanAndJerk": {
          "precision": 0.9333333333333333,
          "recall": 0.9333333333333333,
          "f1": 0.9333333333333333,
          "support": 30
        },
        "CliffDiving": {
          "precision": 0.7272727272727273,
          "recall": 0.8421052631578947,
          "f1": 0.7804878048780488,
          "support": 38
        },
        "CricketBowling": {
          "precision": 0.4838709677419355,
          "recall": 0.35714285714285715,
          "f1": 0.410958904109589,
          "support": 42
        },
        "CricketShot": {
          "precision": 0.38235294117647056,
          "recall": 0.3023255813953488,
          "f1": 0.33766233766233766,
          "support": 43
        },
        "CuttingInKitchen": {
          "precision": 0.8125,
          "recall": 0.9285714285714286,
          "f1": 0.8666666666666666,
          "support": 28
        },
        "Diving": {
          "precision": 0.9459459459459459,
          "recall": 0.9210526315789473,
          "f1": 0.9333333333333332,
          "support": 38
        },
        "Drumming": {
          "precision": 1.0,
          "recall": 0.5,
          "f1": 0.6666666666666666,
          "support": 48
        },
        "Fencing": {
          "precision": 0.9523809523809523,
          "recall": 0.7142857142857143,
          "f1": 0.8163265306122449,
          "support": 28
        },
        "FieldHockeyPenalty": {
          "precision": 0.9047619047619048,
          "recall": 0.6333333333333333,
          "f1": 0.7450980392156863,
          "support": 30
        },
        "FloorGymnastics": {
          "precision": 0.6727272727272727,
          "recall": 1.0,
          "f1": 0.8043478260869564,
          "support": 37
        },
        "FrisbeeCatch": {
          "precision": 0.8125,
          "recall": 0.7027027027027027,
          "f1": 0.7536231884057971,
          "support": 37
        },
        "FrontCrawl": {
          "precision": 0.6666666666666666,
          "recall": 0.7692307692307693,
          "f1": 0.7142857142857142,
          "support": 39
        },
        "GolfSwing": {
          "precision": 0.5882352941176471,
          "recall": 0.75,
          "f1": 0.6593406593406592,
          "support": 40
        },
        "Haircut": {
          "precision": 0.6190476190476191,
          "recall": 0.7428571428571429,
          "f1": 0.6753246753246753,
          "support": 35
        },
        "HammerThrow": {
          "precision": 0.0,
          "recall": 0.0,
          "f1": 0.0,
          "support": 36
        },
        "Hammering": {
          "precision": 0.0,
          "recall": 0.0,
          "f1": 0.0,
          "support": 42
        },
        "HandstandPushups": {
          "precision": 0.7659574468085106,
          "recall": 0.8571428571428571,
          "f1": 0.8089887640449439,
          "support": 42
        },
        "HandstandWalking": {
          "precision": 0.3684210526315789,
          "recall": 0.22580645161290322,
          "f1": 0.28,
          "support": 31
        },
        "HeadMassage": {
          "precision": 0.9444444444444444,
          "recall": 0.4146341463414634,
          "f1": 0.576271186440678,
          "support": 41
        },
        "HighJump": {
          "precision": 0.6666666666666666,
          "recall": 0.3870967741935484,
          "f1": 0.4897959183673469,
          "support": 31
        },
        "HorseRace": {
          "precision": 0.9210526315789473,
          "recall": 0.9722222222222222,
          "f1": 0.9459459459459458,
          "support": 36
        },
        "HorseRiding": {
          "precision": 0.9545454545454546,
          "recall": 0.9545454545454546,
          "f1": 0.9545454545454546,
          "support": 44
        },
        "HulaHoop": {
          "precision": 0.9565217391304348,
          "recall": 0.6285714285714286,
          "f1": 0.7586206896551724,
          "support": 35
        },
        "IceDancing": {
          "precision": 0.9743589743589743,
          "recall": 0.9047619047619048,
          "f1": 0.9382716049382716,
          "support": 42
        },
        "JavelinThrow": {
          "precision": 0.2857142857142857,