{
  "slurm_job_id": "45105",
  "checkpoint_path": "/home/u257295/Thesis/outputs/timesformer_f0.25_job45105/best_timesformer_model.pth",
  "best_val_top1": 73.72835497835499,
  "epochs_completed": 11,
  "max_epochs": 100,
  "early_stopping": {
    "enabled": true,
    "patience": 10,
    "min_delta": 0.0001,
    "best_val_loss": 1.1250159294489122,
    "stopped_early": true
  },
  "temporal_conditions": {
    "0.25": {
      "top1": 73.72835497835499,
      "top5": 91.01731601731602,
      "macro_precision": 0.8039363455645299,
      "macro_recall": 0.7347912548547381,
      "macro_f1": 0.7408386246082398,
      "per_class": {
        "ApplyEyeMakeup": {
          "precision": 0.9230769230769231,
          "recall": 0.972972972972973,
          "f1": 0.9473684210526315,
          "support": 37
        },
        "ApplyLipstick": {
          "precision": 0.8518518518518519,
          "recall": 0.696969696969697,
          "f1": 0.7666666666666667,
          "support": 33
        },
        "Archery": {
          "precision": 0.5957446808510638,
          "recall": 0.7368421052631579,
          "f1": 0.6588235294117647,
          "support": 38
        },
        "BabyCrawling": {
          "precision": 0.7837837837837838,
          "recall": 0.7435897435897436,
          "f1": 0.7631578947368421,
          "support": 39
        },
        "BalanceBeam": {
          "precision": 1.0,
          "recall": 0.8709677419354839,
          "f1": 0.9310344827586207,
          "support": 31
        },
        "BandMarching": {
          "precision": 0.8372093023255814,
          "recall": 0.8372093023255814,
          "f1": 0.8372093023255814,
          "support": 43
        },
        "BaseballPitch": {
          "precision": 0.673469387755102,
          "recall": 0.825,
          "f1": 0.7415730337078652,
          "support": 40
        },
        "Basketball": {
          "precision": 0.92,
          "recall": 0.5476190476190477,
          "f1": 0.6865671641791046,
          "support": 42
        },
        "BasketballDunk": {
          "precision": 1.0,
          "recall": 0.925,
          "f1": 0.961038961038961,
          "support": 40
        },
        "BenchPress": {
          "precision": 1.0,
          "recall": 0.8571428571428571,
          "f1": 0.923076923076923,
          "support": 42
        },
        "Biking": {
          "precision": 0.8478260869565217,
          "recall": 0.975,
          "f1": 0.9069767441860466,
          "support": 40
        },
        "Billiards": {
          "precision": 1.0,
          "recall": 1.0,
          "f1": 1.0,
          "support": 42
        },
        "BlowDryHair": {
          "precision": 0.8571428571428571,
          "recall": 0.7058823529411765,
          "f1": 0.7741935483870968,
          "support": 34
        },
        "BlowingCandles": {
          "precision": 0.9629629629629629,
          "recall": 0.9285714285714286,
          "f1": 0.9454545454545454,
          "support": 28
        },
        "BodyWeightSquats": {
          "precision": 0.24,
          "recall": 0.6,
          "f1": 0.34285714285714286,
          "support": 30
        },
        "Bowling": {
          "precision": 1.0,
          "recall": 0.9767441860465116,
          "f1": 0.988235294117647,
          "support": 43
        },
        "BoxingPunchingBag": {
          "precision": 0.8636363636363636,
          "recall": 0.8444444444444444,
          "f1": 0.853932584269663,
          "support": 45
        },
        "BoxingSpeedBag": {
          "precision": 0.7021276595744681,
          "recall": 0.8918918918918919,
          "f1": 0.7857142857142857,
          "support": 37
        },
        "BreastStroke": {
          "precision": 0.9032258064516129,
          "recall": 0.9655172413793104,
          "f1": 0.9333333333333333,
          "support": 29
        },
        "BrushingTeeth": {
          "precision": 0.7666666666666667,
          "recall": 0.6764705882352942,
          "f1": 0.71875,
          "support": 34
        },
        "CleanAndJerk": {
          "precision": 1.0,
          "recall": 0.6666666666666666,
          "f1": 0.8,
          "support": 30
        },
        "CliffDiving": {
          "precision": 0.9230769230769231,
          "recall": 0.9473684210526315,
          "f1": 0.935064935064935,
          "support": 38
        },
        "CricketBowling": {
          "precision": 0.4788732394366197,
          "recall": 0.8095238095238095,
          "f1": 0.6017699115044247,
          "support": 42
        },
        "CricketShot": {
          "precision": 0.0,
          "recall": 0.0,
          "f1": 0.0,
          "support": 43
        },
        "CuttingInKitchen": {
          "precision": 1.0,
          "recall": 0.6785714285714286,
          "f1": 0.8085106382978724,
          "support": 28
        },
        "Diving": {
          "precision": 0.5846153846153846,
          "recall": 1.0,
          "f1": 0.7378640776699029,
          "support": 38
        },
        "Drumming": {
          "precision": 0.7384615384615385,
          "recall": 1.0,
          "f1": 0.8495575221238938,
          "support": 48
        },
        "Fencing": {
          "precision": 1.0,
          "recall": 0.8214285714285714,
          "f1": 0.9019607843137255,
          "support": 28
        },
        "FieldHockeyPenalty": {
          "precision": 0.5833333333333334,
          "recall": 0.9333333333333333,
          "f1": 0.7179487179487181,
          "support": 30
        },
        "FloorGymnastics": {
          "precision": 0.6808510638297872,
          "recall": 0.8648648648648649,
          "f1": 0.7619047619047619,
          "support": 37
        },
        "FrisbeeCatch": {
          "precision": 0.8571428571428571,
          "recall": 0.6486486486486487,
          "f1": 0.7384615384615384,
          "support": 37
        },
        "FrontCrawl": {
          "precision": 0.9473684210526315,
          "recall": 0.9230769230769231,
          "f1": 0.935064935064935,
          "support": 39
        },
        "GolfSwing": {
          "precision": 1.0,
          "recall": 0.325,
          "f1": 0.4905660377358491,
          "support": 40
        },
        "Haircut": {
          "precision": 0.88,
          "recall": 0.6285714285714286,
          "f1": 0.7333333333333334,
          "support": 35
        },
        "HammerThrow": {
          "precision": 0.0,
          "recall": 0.0,
          "f1": 0.0,
          "support": 36
        },
        "Hammering": {
          "precision": 0.0,
          "recall": 0.0,
          "f1": 0.0,
          "support": 42
        },
        "HandstandPushups": {
          "precision": 1.0,
          "recall": 0.4523809523809524,
          "f1": 0.6229508196721312,
          "support": 42
        },
        "HandstandWalking": {
          "precision": 0.5675675675675675,
          "recall": 0.6774193548387096,
          "f1": 0.6176470588235294,
          "support": 31
        },
        "HeadMassage": {
          "precision": 0.9666666666666667,
          "recall": 0.7073170731707317,
          "f1": 0.8169014084507042,
          "support": 41
        },
        "HighJump": {
          "precision": 0.2696629213483146,
          "recall": 0.7741935483870968,
          "f1": 0.4,
          "support": 31
        },
        "HorseRace": {
          "precision": 1.0,
          "recall": 1.0,
          "f1": 1.0,
          "support": 36
        },
        "HorseRiding": {
          "precision": 1.0,
          "recall": 0.9318181818181818,
          "f1": 0.9647058823529412,
          "support": 44
        },
        "HulaHoop": {
          "precision": 1.0,
          "recall": 0.6571428571428571,
          "f1": 0.7931034482758621,
          "support": 35
        },
        "IceDancing": {
          "precision": 0.9534883720930233,
          "recall": 0.9761904761904762,
          "f1": 0.9647058823529412,
          "support": 42
        },