{
  "slurm_job_id": "45095",
  "checkpoint_path": "/home/u257295/Thesis/outputs/timesformer_f0.25_job45095/best_timesformer_model.pth",
  "best_val_top1": 75.01339046598822,
  "epochs_completed": 11,
  "max_epochs": 100,
  "early_stopping": {
    "enabled": true,
    "patience": 10,
    "min_delta": 0.0001,
    "best_val_loss": 1.1319150057490053,
    "stopped_early": true
  },
  "temporal_conditions": {
    "0.25": {
      "top1": 75.01339046598822,
      "top5": 90.3588644884842,
      "macro_precision": 0.7930342956674536,
      "macro_recall": 0.7489308117633768,
      "macro_f1": 0.744458440413424,
      "per_class": {
        "ApplyEyeMakeup": {
          "precision": 0.84375,
          "recall": 0.6923076923076923,
          "f1": 0.7605633802816902,
          "support": 39
        },
        "ApplyLipstick": {
          "precision": 0.8620689655172413,
          "recall": 0.8620689655172413,
          "f1": 0.8620689655172413,
          "support": 29
        },
        "Archery": {
          "precision": 0.8333333333333334,
          "recall": 0.24390243902439024,
          "f1": 0.37735849056603776,
          "support": 41
        },
        "BabyCrawling": {
          "precision": 0.8823529411764706,
          "recall": 0.8571428571428571,
          "f1": 0.8695652173913043,
          "support": 35
        },
        "BalanceBeam": {
          "precision": 0.56,
          "recall": 0.9655172413793104,
          "f1": 0.7088607594936709,
          "support": 29
        },
        "BandMarching": {
          "precision": 1.0,
          "recall": 0.6888888888888889,
          "f1": 0.8157894736842105,
          "support": 45
        },
        "BaseballPitch": {
          "precision": 1.0,
          "recall": 0.6410256410256411,
          "f1": 0.7812500000000001,
          "support": 39
        },
        "Basketball": {
          "precision": 1.0,
          "recall": 0.09090909090909091,
          "f1": 0.16666666666666669,
          "support": 33
        },
        "BasketballDunk": {
          "precision": 0.7659574468085106,
          "recall": 1.0,
          "f1": 0.8674698795180723,
          "support": 36
        },
        "BenchPress": {
          "precision": 1.0,
          "recall": 0.8181818181818182,
          "f1": 0.9,
          "support": 44
        },
        "Biking": {
          "precision": 1.0,
          "recall": 0.75,
          "f1": 0.8571428571428571,
          "support": 36
        },
        "Billiards": {
          "precision": 0.9787234042553191,
          "recall": 1.0,
          "f1": 0.989247311827957,
          "support": 46
        },
        "BlowDryHair": {
          "precision": 0.8666666666666667,
          "recall": 0.65,
          "f1": 0.7428571428571429,
          "support": 40
        },
        "BlowingCandles": {
          "precision": 0.9285714285714286,
          "recall": 0.8666666666666667,
          "f1": 0.896551724137931,
          "support": 30
        },
        "BodyWeightSquats": {
          "precision": 0.7333333333333333,
          "recall": 0.34375,
          "f1": 0.4680851063829787,
          "support": 32
        },
        "Bowling": {
          "precision": 1.0,
          "recall": 0.9534883720930233,
          "f1": 0.9761904761904763,
          "support": 43
        },
        "BoxingPunchingBag": {
          "precision": 1.0,
          "recall": 0.9024390243902439,
          "f1": 0.9487179487179488,
          "support": 41
        },
        "BoxingSpeedBag": {
          "precision": 0.9090909090909091,
          "recall": 1.0,
          "f1": 0.9523809523809523,
          "support": 40
        },
        "BreastStroke": {
          "precision": 0.8275862068965517,
          "recall": 0.8571428571428571,
          "f1": 0.8421052631578947,
          "support": 28
        },
        "BrushingTeeth": {
          "precision": 0.4727272727272727,
          "recall": 0.7647058823529411,
          "f1": 0.5842696629213483,
          "support": 34
        },
        "CleanAndJerk": {
          "precision": 0.8709677419354839,
          "recall": 0.8181818181818182,
          "f1": 0.84375,
          "support": 33
        },
        "CliffDiving": {
          "precision": 0.7619047619047619,
          "recall": 0.7804878048780488,
          "f1": 0.7710843373493976,
          "support": 41
        },
        "CricketBowling": {
          "precision": 0.6206896551724138,
          "recall": 0.9230769230769231,
          "f1": 0.7422680412371133,
          "support": 39
        },
        "CricketShot": {
          "precision": 0.90625,
          "recall": 0.5918367346938775,
          "f1": 0.7160493827160493,
          "support": 49
        },
        "CuttingInKitchen": {
          "precision": 0.7209302325581395,
          "recall": 1.0,
          "f1": 0.8378378378378378,
          "support": 31
        },
        "Diving": {
          "precision": 0.8913043478260869,
          "recall": 0.9318181818181818,
          "f1": 0.9111111111111111,
          "support": 44
        },
        "Drumming": {
          "precision": 0.9130434782608695,
          "recall": 0.9767441860465116,
          "f1": 0.9438202247191011,
          "support": 43
        },
        "Fencing": {
          "precision": 0.8823529411764706,
          "recall": 0.9090909090909091,
          "f1": 0.8955223880597014,
          "support": 33
        },
        "FieldHockeyPenalty": {
          "precision": 0.8666666666666667,
          "recall": 0.7027027027027027,
          "f1": 0.7761194029850748,
          "support": 37
        },
        "FloorGymnastics": {
          "precision": 0.515625,
          "recall": 0.9428571428571428,
          "f1": 0.6666666666666666,
          "support": 35
        },
        "FrisbeeCatch": {
          "precision": 1.0,
          "recall": 0.4117647058823529,
          "f1": 0.5833333333333334,
          "support": 34
        },
        "FrontCrawl": {
          "precision": 0.90625,
          "recall": 0.7631578947368421,
          "f1": 0.8285714285714286,
          "support": 38
        },
        "GolfSwing": {
          "precision": 0.24615384615384617,
          "recall": 0.9696969696969697,
          "f1": 0.39263803680981596,
          "support": 33
        },
        "Haircut": {
          "precision": 0.6666666666666666,
          "recall": 0.8648648648648649,
          "f1": 0.7529411764705882,
          "support": 37
        },
        "HammerThrow": {
          "precision": 0.0,
          "recall": 0.0,
          "f1": 0.0,
          "support": 46
        },
        "Hammering": {
          "precision": 0.0,
          "recall": 0.0,
          "f1": 0.0,
          "support": 41
        },
        "HandstandPushups": {
          "precision": 0.8823529411764706,
          "recall": 0.8108108108108109,
          "f1": 0.8450704225352113,
          "support": 37
        },
        "HandstandWalking": {
          "precision": 0.5454545454545454,
          "recall": 0.42857142857142855,
          "f1": 0.4799999999999999,
          "support": 28
        },
        "HeadMassage": {
          "precision": 0.967741935483871,
          "recall": 0.75,
          "f1": 0.8450704225352113,
          "support": 40
        },
        "HighJump": {
          "precision": 0.6666666666666666,
          "recall": 0.17647058823529413,
          "f1": 0.27906976744186046,
          "support": 34
        },
        "HorseRace": {
          "precision": 0.9375,
          "recall": 0.9090909090909091,
          "f1": 0.923076923076923,
          "support": 33
        },
        "HorseRiding": {
          "precision": 1.0,
          "recall": 0.9318181818181818,
          "f1": 0.9647058823529412,
          "support": 44
        },
        "HulaHoop": {
          "precision": 0.3380281690140845,
          "recall": 0.6666666666666666,
          "f1": 0.44859813084112155,
          "support": 36
        },
        "IceDancing": {
          "precision": 0.9767441860465116,