{
  "slurm_job_id": "44325",
  "checkpoint_path": "/home/u257295/Thesis/outputs/resnet_f0.25_job44325/best_resnet_model.pth",
  "best_val_top1": 68.93999471319059,
  "temporal_conditions": {
    "0.25": {
      "top1": 68.93999471319059,
      "top5": 87.10018503832937,
      "macro_precision": 0.7198306752104852,
      "macro_recall": 0.6888283309788689,
      "macro_f1": 0.6816286310803741,
      "per_class": {
        "ApplyEyeMakeup": {
          "precision": 0.9545454545454546,
          "recall": 0.4772727272727273,
          "f1": 0.6363636363636365,
          "support": 44
        },
        "ApplyLipstick": {
          "precision": 0.5740740740740741,
          "recall": 0.96875,
          "f1": 0.7209302325581396,
          "support": 32
        },
        "Archery": {
          "precision": 0.6206896551724138,
          "recall": 0.43902439024390244,
          "f1": 0.5142857142857142,
          "support": 41
        },
        "BabyCrawling": {
          "precision": 0.6875,
          "recall": 0.9428571428571428,
          "f1": 0.7951807228915663,
          "support": 35
        },
        "BalanceBeam": {
          "precision": 0.8214285714285714,
          "recall": 0.7419354838709677,
          "f1": 0.7796610169491526,
          "support": 31
        },
        "BandMarching": {
          "precision": 0.6724137931034483,
          "recall": 0.9069767441860465,
          "f1": 0.7722772277227723,
          "support": 43
        },
        "BaseballPitch": {
          "precision": 0.7291666666666666,
          "recall": 0.813953488372093,
          "f1": 0.7692307692307692,
          "support": 43
        },
        "Basketball": {
          "precision": 0.4583333333333333,
          "recall": 0.6285714285714286,
          "f1": 0.5301204819277109,
          "support": 35
        },
        "BasketballDunk": {
          "precision": 1.0,
          "recall": 0.972972972972973,
          "f1": 0.9863013698630138,
          "support": 37
        },
        "BenchPress": {
          "precision": 1.0,
          "recall": 1.0,
          "f1": 1.0,
          "support": 48
        },
        "Biking": {
          "precision": 1.0,
          "recall": 0.7631578947368421,
          "f1": 0.8656716417910448,
          "support": 38
        },
        "Billiards": {
          "precision": 0.975,
          "recall": 0.975,
          "f1": 0.975,
          "support": 40
        },
        "BlowDryHair": {
          "precision": 0.3620689655172414,
          "recall": 0.5526315789473685,
          "f1": 0.4375,
          "support": 38
        },
        "BlowingCandles": {
          "precision": 0.8333333333333334,
          "recall": 0.9090909090909091,
          "f1": 0.8695652173913043,
          "support": 33
        },
        "BodyWeightSquats": {
          "precision": 1.0,
          "recall": 0.26666666666666666,
          "f1": 0.4210526315789474,
          "support": 30
        },
        "Bowling": {
          "precision": 0.9736842105263158,
          "recall": 0.8604651162790697,
          "f1": 0.9135802469135803,
          "support": 43
        },
        "BoxingPunchingBag": {
          "precision": 0.6097560975609756,
          "recall": 0.5102040816326531,
          "f1": 0.5555555555555556,
          "support": 49
        },
        "BoxingSpeedBag": {
          "precision": 0.7073170731707317,
          "recall": 0.7837837837837838,
          "f1": 0.7435897435897435,
          "support": 37
        },
        "BreastStroke": {
          "precision": 0.5434782608695652,
          "recall": 0.8928571428571429,
          "f1": 0.6756756756756757,
          "support": 28
        },
        "BrushingTeeth": {
          "precision": 0.5416666666666666,
          "recall": 0.3611111111111111,
          "f1": 0.43333333333333335,
          "support": 36
        },
        "CleanAndJerk": {
          "precision": 0.8421052631578947,
          "recall": 0.9696969696969697,
          "f1": 0.9014084507042254,
          "support": 33
        },
        "CliffDiving": {
          "precision": 0.5818181818181818,
          "recall": 0.8205128205128205,
          "f1": 0.6808510638297872,
          "support": 39
        },
        "CricketBowling": {
          "precision": 0.37209302325581395,
          "recall": 0.4444444444444444,
          "f1": 0.40506329113924044,
          "support": 36
        },
        "CricketShot": {
          "precision": 0.8,
          "recall": 0.32653061224489793,
          "f1": 0.46376811594202894,
          "support": 49
        },
        "CuttingInKitchen": {
          "precision": 0.7941176470588235,
          "recall": 0.8181818181818182,
          "f1": 0.8059701492537314,
          "support": 33
        },
        "Diving": {
          "precision": 0.8823529411764706,
          "recall": 1.0,
          "f1": 0.9375,
          "support": 45
        },
        "Drumming": {
          "precision": 1.0,
          "recall": 0.7111111111111111,
          "f1": 0.8311688311688311,
          "support": 45
        },
        "Fencing": {
          "precision": 0.7777777777777778,
          "recall": 0.8235294117647058,
          "f1": 0.7999999999999999,
          "support": 34
        },
        "FieldHockeyPenalty": {
          "precision": 0.7948717948717948,
          "recall": 0.775,
          "f1": 0.7848101265822786,
          "support": 40
        },
        "FloorGymnastics": {
          "precision": 0.75,
          "recall": 0.75,
          "f1": 0.75,
          "support": 36
        },
        "FrisbeeCatch": {
          "precision": 0.6326530612244898,
          "recall": 0.8378378378378378,
          "f1": 0.7209302325581396,
          "support": 37
        },
        "FrontCrawl": {
          "precision": 0.9,
          "recall": 0.24324324324324326,
          "f1": 0.3829787234042553,
          "support": 37
        },
        "GolfSwing": {
          "precision": 0.8787878787878788,
          "recall": 0.7435897435897436,
          "f1": 0.8055555555555556,
          "support": 39
        },
        "Haircut": {
          "precision": 0.43478260869565216,
          "recall": 0.30303030303030304,
          "f1": 0.35714285714285715,
          "support": 33
        },
        "HammerThrow": {
          "precision": 0.0,
          "recall": 0.0,
          "f1": 0.0,
          "support": 45
        },
        "Hammering": {
          "precision": 0.0,
          "recall": 0.0,
          "f1": 0.0,
          "support": 33
        },
        "HandstandPushups": {
          "precision": 0.5208333333333334,
          "recall": 0.8928571428571429,
          "f1": 0.6578947368421053,
          "support": 28
        },
        "HandstandWalking": {
          "precision": 0.16,
          "recall": 0.23529411764705882,
          "f1": 0.19047619047619052,
          "support": 34
        },
        "HeadMassage": {
          "precision": 0.4444444444444444,
          "recall": 0.8780487804878049,
          "f1": 0.5901639344262294,
          "support": 41
        },
        "HighJump": {
          "precision": 0.6470588235294118,
          "recall": 0.2972972972972973,
          "f1": 0.40740740740740744,
          "support": 37
        },
        "HorseRace": {
          "precision": 0.9428571428571428,
          "recall": 0.9428571428571428,
          "f1": 0.9428571428571428,
          "support": 35
        },
        "HorseRiding": {
          "precision": 0.8727272727272727,
          "recall": 0.9795918367346939,
          "f1": 0.923076923076923,
          "support": 49
        },
        "HulaHoop": {
          "precision": 0.38202247191011235,
          "recall": 1.0,
          "f1": 0.5528455284552846,
          "support": 34
        },
        "IceDancing": {
          "precision": 0.9574468085106383,
          "recall": 0.9782608695652174,
          "f1": 0.967741935483871,
          "support": 46
        },
        "JavelinThrow": {
          "precision": 0.30434782608695654,