{
  "slurm_job_id": "45096",
  "checkpoint_path": "/home/u257295/Thesis/outputs/timesformer_f0.5_job45096/best_timesformer_model.pth",
  "best_val_top1": 77.04874129619711,
  "epochs_completed": 12,
  "max_epochs": 100,
  "early_stopping": {
    "enabled": true,
    "patience": 10,
    "min_delta": 0.0001,
    "best_val_loss": 1.0710820453883996,
    "stopped_early": true
  },
  "temporal_conditions": {
    "0.5": {
      "top1": 77.04874129619711,
      "top5": 91.53722549544725,
      "macro_precision": 0.8023129817014457,
      "macro_recall": 0.7739368086407595,
      "macro_f1": 0.7699309015519266,
      "per_class": {
        "ApplyEyeMakeup": {
          "precision": 0.825,
          "recall": 0.8461538461538461,
          "f1": 0.8354430379746836,
          "support": 39
        },
        "ApplyLipstick": {
          "precision": 0.9,
          "recall": 0.9310344827586207,
          "f1": 0.9152542372881356,
          "support": 29
        },
        "Archery": {
          "precision": 0.4576271186440678,
          "recall": 0.6585365853658537,
          "f1": 0.54,
          "support": 41
        },
        "BabyCrawling": {
          "precision": 0.9166666666666666,
          "recall": 0.3142857142857143,
          "f1": 0.4680851063829787,
          "support": 35
        },
        "BalanceBeam": {
          "precision": 0.9655172413793104,
          "recall": 0.9655172413793104,
          "f1": 0.9655172413793104,
          "support": 29
        },
        "BandMarching": {
          "precision": 0.8863636363636364,
          "recall": 0.8666666666666667,
          "f1": 0.8764044943820225,
          "support": 45
        },
        "BaseballPitch": {
          "precision": 0.9666666666666667,
          "recall": 0.7435897435897436,
          "f1": 0.8405797101449275,
          "support": 39
        },
        "Basketball": {
          "precision": 0.6875,
          "recall": 0.6666666666666666,
          "f1": 0.676923076923077,
          "support": 33
        },
        "BasketballDunk": {
          "precision": 0.972972972972973,
          "recall": 1.0,
          "f1": 0.9863013698630138,
          "support": 36
        },
        "BenchPress": {
          "precision": 1.0,
          "recall": 0.7954545454545454,
          "f1": 0.8860759493670886,
          "support": 44
        },
        "Biking": {
          "precision": 0.72,
          "recall": 1.0,
          "f1": 0.8372093023255813,
          "support": 36
        },
        "Billiards": {
          "precision": 1.0,
          "recall": 1.0,
          "f1": 1.0,
          "support": 46
        },
        "BlowDryHair": {
          "precision": 0.9166666666666666,
          "recall": 0.275,
          "f1": 0.4230769230769231,
          "support": 40
        },
        "BlowingCandles": {
          "precision": 0.7647058823529411,
          "recall": 0.8666666666666667,
          "f1": 0.8125,
          "support": 30
        },
        "BodyWeightSquats": {
          "precision": 0.8846153846153846,
          "recall": 0.71875,
          "f1": 0.7931034482758621,
          "support": 32
        },
        "Bowling": {
          "precision": 1.0,
          "recall": 0.9534883720930233,
          "f1": 0.9761904761904763,
          "support": 43
        },
        "BoxingPunchingBag": {
          "precision": 0.9473684210526315,
          "recall": 0.8780487804878049,
          "f1": 0.9113924050632912,
          "support": 41
        },
        "BoxingSpeedBag": {
          "precision": 0.9743589743589743,
          "recall": 0.95,
          "f1": 0.9620253164556962,
          "support": 40
        },
        "BreastStroke": {
          "precision": 0.9615384615384616,
          "recall": 0.8928571428571429,
          "f1": 0.9259259259259259,
          "support": 28
        },
        "BrushingTeeth": {
          "precision": 0.8095238095238095,
          "recall": 0.5,
          "f1": 0.6181818181818182,
          "support": 34
        },
        "CleanAndJerk": {
          "precision": 0.8666666666666667,
          "recall": 0.7878787878787878,
          "f1": 0.8253968253968254,
          "support": 33
        },
        "CliffDiving": {
          "precision": 0.8888888888888888,
          "recall": 0.975609756097561,
          "f1": 0.9302325581395349,
          "support": 41
        },
        "CricketBowling": {
          "precision": 0.5416666666666666,
          "recall": 0.3333333333333333,
          "f1": 0.4126984126984126,
          "support": 39
        },
        "CricketShot": {
          "precision": 0.4791666666666667,
          "recall": 0.46938775510204084,
          "f1": 0.4742268041237114,
          "support": 49
        },
        "CuttingInKitchen": {
          "precision": 0.9615384615384616,
          "recall": 0.8064516129032258,
          "f1": 0.8771929824561403,
          "support": 31
        },
        "Diving": {
          "precision": 1.0,
          "recall": 0.9772727272727273,
          "f1": 0.9885057471264368,
          "support": 44
        },
        "Drumming": {
          "precision": 0.9130434782608695,
          "recall": 0.9767441860465116,
          "f1": 0.9438202247191011,
          "support": 43
        },
        "Fencing": {
          "precision": 1.0,
          "recall": 0.9090909090909091,
          "f1": 0.9523809523809523,
          "support": 33
        },
        "FieldHockeyPenalty": {
          "precision": 0.7872340425531915,
          "recall": 1.0,
          "f1": 0.880952380952381,
          "support": 37
        },
        "FloorGymnastics": {
          "precision": 0.6938775510204082,
          "recall": 0.9714285714285714,
          "f1": 0.8095238095238094,
          "support": 35
        },
        "FrisbeeCatch": {
          "precision": 0.9615384615384616,
          "recall": 0.7352941176470589,
          "f1": 0.8333333333333333,
          "support": 34
        },
        "FrontCrawl": {
          "precision": 0.9166666666666666,
          "recall": 0.868421052631579,
          "f1": 0.8918918918918918,
          "support": 38
        },
        "GolfSwing": {
          "precision": 0.7368421052631579,
          "recall": 0.8484848484848485,
          "f1": 0.7887323943661972,
          "support": 33
        },
        "Haircut": {
          "precision": 0.5454545454545454,
          "recall": 0.8108108108108109,
          "f1": 0.6521739130434782,
          "support": 37
        },
        "HammerThrow": {
          "precision": 0.0,
          "recall": 0.0,
          "f1": 0.0,
          "support": 46
        },
        "Hammering": {
          "precision": 0.0,
          "recall": 0.0,
          "f1": 0.0,
          "support": 41
        },
        "HandstandPushups": {
          "precision": 0.7058823529411765,
          "recall": 0.32432432432432434,
          "f1": 0.44444444444444453,
          "support": 37
        },
        "HandstandWalking": {
          "precision": 0.17391304347826086,
          "recall": 0.8571428571428571,
          "f1": 0.2891566265060241,
          "support": 28
        },
        "HeadMassage": {
          "precision": 0.9473684210526315,
          "recall": 0.9,
          "f1": 0.9230769230769231,
          "support": 40
        },
        "HighJump": {
          "precision": 0.5714285714285714,
          "recall": 0.8235294117647058,
          "f1": 0.6746987951807228,
          "support": 34
        },
        "HorseRace": {
          "precision": 1.0,
          "recall": 0.9090909090909091,
          "f1": 0.9523809523809523,
          "support": 33
        },
        "HorseRiding": {
          "precision": 1.0,
          "recall": 0.9772727272727273,
          "f1": 0.9885057471264368,
          "support": 44
        },
        "HulaHoop": {
          "precision": 0.5945945945945946,
          "recall": 0.6111111111111112,
          "f1": 0.6027397260273972,
          "support": 36
        },
        "IceDancing": {
          "precision": 1.0,