{
  "slurm_job_id": "45094",
  "checkpoint_path": "/home/u257295/Thesis/outputs/timesformer_f0.1_job45094/best_timesformer_model.pth",
  "best_val_top1": 73.08516336368506,
  "epochs_completed": 12,
  "max_epochs": 100,
  "early_stopping": {
    "enabled": true,
    "patience": 10,
    "min_delta": 0.0001,
    "best_val_loss": 1.2236844888783351,
    "stopped_early": true
  },
  "temporal_conditions": {
    "0.1": {
      "top1": 73.08516336368506,
      "top5": 90.33208355650777,
      "macro_precision": 0.7734874017874848,
      "macro_recall": 0.7233153987302292,
      "macro_f1": 0.7210444336551534,
      "per_class": {
        "ApplyEyeMakeup": {
          "precision": 0.5064935064935064,
          "recall": 1.0,
          "f1": 0.6724137931034482,
          "support": 39
        },
        "ApplyLipstick": {
          "precision": 0.9,
          "recall": 0.6206896551724138,
          "f1": 0.7346938775510204,
          "support": 29
        },
        "Archery": {
          "precision": 0.76,
          "recall": 0.4634146341463415,
          "f1": 0.5757575757575758,
          "support": 41
        },
        "BabyCrawling": {
          "precision": 0.9285714285714286,
          "recall": 0.37142857142857144,
          "f1": 0.5306122448979592,
          "support": 35
        },
        "BalanceBeam": {
          "precision": 0.9285714285714286,
          "recall": 0.896551724137931,
          "f1": 0.912280701754386,
          "support": 29
        },
        "BandMarching": {
          "precision": 0.8148148148148148,
          "recall": 0.9777777777777777,
          "f1": 0.8888888888888888,
          "support": 45
        },
        "BaseballPitch": {
          "precision": 0.9696969696969697,
          "recall": 0.8205128205128205,
          "f1": 0.8888888888888888,
          "support": 39
        },
        "Basketball": {
          "precision": 0.9285714285714286,
          "recall": 0.3939393939393939,
          "f1": 0.5531914893617021,
          "support": 33
        },
        "BasketballDunk": {
          "precision": 1.0,
          "recall": 0.9722222222222222,
          "f1": 0.9859154929577464,
          "support": 36
        },
        "BenchPress": {
          "precision": 0.9047619047619048,
          "recall": 0.8636363636363636,
          "f1": 0.8837209302325582,
          "support": 44
        },
        "Biking": {
          "precision": 0.7560975609756098,
          "recall": 0.8611111111111112,
          "f1": 0.8051948051948052,
          "support": 36
        },
        "Billiards": {
          "precision": 1.0,
          "recall": 1.0,
          "f1": 1.0,
          "support": 46
        },
        "BlowDryHair": {
          "precision": 0.9354838709677419,
          "recall": 0.725,
          "f1": 0.8169014084507041,
          "support": 40
        },
        "BlowingCandles": {
          "precision": 0.9130434782608695,
          "recall": 0.7,
          "f1": 0.7924528301886793,
          "support": 30
        },
        "BodyWeightSquats": {
          "precision": 0.6470588235294118,
          "recall": 0.34375,
          "f1": 0.4489795918367347,
          "support": 32
        },
        "Bowling": {
          "precision": 1.0,
          "recall": 0.9534883720930233,
          "f1": 0.9761904761904763,
          "support": 43
        },
        "BoxingPunchingBag": {
          "precision": 0.9444444444444444,
          "recall": 0.8292682926829268,
          "f1": 0.883116883116883,
          "support": 41
        },
        "BoxingSpeedBag": {
          "precision": 0.9375,
          "recall": 0.75,
          "f1": 0.8333333333333334,
          "support": 40
        },
        "BreastStroke": {
          "precision": 0.8333333333333334,
          "recall": 0.17857142857142858,
          "f1": 0.29411764705882354,
          "support": 28
        },
        "BrushingTeeth": {
          "precision": 0.45454545454545453,
          "recall": 0.14705882352941177,
          "f1": 0.22222222222222224,
          "support": 34
        },
        "CleanAndJerk": {
          "precision": 0.8214285714285714,
          "recall": 0.696969696969697,
          "f1": 0.7540983606557378,
          "support": 33
        },
        "CliffDiving": {
          "precision": 0.43023255813953487,
          "recall": 0.9024390243902439,
          "f1": 0.5826771653543307,
          "support": 41
        },
        "CricketBowling": {
          "precision": 0.5,
          "recall": 0.20512820512820512,
          "f1": 0.29090909090909095,
          "support": 39
        },
        "CricketShot": {
          "precision": 0.5294117647058824,
          "recall": 0.7346938775510204,
          "f1": 0.6153846153846154,
          "support": 49
        },
        "CuttingInKitchen": {
          "precision": 0.9333333333333333,
          "recall": 0.9032258064516129,
          "f1": 0.9180327868852459,
          "support": 31
        },
        "Diving": {
          "precision": 0.95,
          "recall": 0.8636363636363636,
          "f1": 0.9047619047619048,
          "support": 44
        },
        "Drumming": {
          "precision": 1.0,
          "recall": 0.6976744186046512,
          "f1": 0.8219178082191781,
          "support": 43
        },
        "Fencing": {
          "precision": 1.0,
          "recall": 0.8787878787878788,
          "f1": 0.9354838709677419,
          "support": 33
        },
        "FieldHockeyPenalty": {
          "precision": 1.0,
          "recall": 0.6216216216216216,
          "f1": 0.7666666666666667,
          "support": 37
        },
        "FloorGymnastics": {
          "precision": 0.6538461538461539,
          "recall": 0.9714285714285714,
          "f1": 0.7816091954022988,
          "support": 35
        },
        "FrisbeeCatch": {
          "precision": 0.6956521739130435,
          "recall": 0.9411764705882353,
          "f1": 0.7999999999999999,
          "support": 34
        },
        "FrontCrawl": {
          "precision": 0.48717948717948717,
          "recall": 1.0,
          "f1": 0.6551724137931034,
          "support": 38
        },
        "GolfSwing": {
          "precision": 0.65,
          "recall": 0.7878787878787878,
          "f1": 0.7123287671232875,
          "support": 33
        },
        "Haircut": {
          "precision": 0.84,
          "recall": 0.5675675675675675,
          "f1": 0.6774193548387097,
          "support": 37
        },
        "HammerThrow": {
          "precision": 0.0,
          "recall": 0.0,
          "f1": 0.0,
          "support": 46
        },
        "Hammering": {
          "precision": 0.0,
          "recall": 0.0,
          "f1": 0.0,
          "support": 41
        },
        "HandstandPushups": {
          "precision": 0.7272727272727273,
          "recall": 0.6486486486486487,
          "f1": 0.6857142857142857,
          "support": 37
        },
        "HandstandWalking": {
          "precision": 0.2962962962962963,
          "recall": 0.2857142857142857,
          "f1": 0.2909090909090909,
          "support": 28
        },
        "HeadMassage": {
          "precision": 0.43478260869565216,
          "recall": 1.0,
          "f1": 0.6060606060606061,
          "support": 40
        },
        "HighJump": {
          "precision": 0.5106382978723404,
          "recall": 0.7058823529411765,
          "f1": 0.5925925925925926,
          "support": 34
        },
        "HorseRace": {
          "precision": 1.0,
          "recall": 0.9696969696969697,
          "f1": 0.9846153846153847,
          "support": 33
        },
        "HorseRiding": {
          "precision": 0.82,
          "recall": 0.9318181818181818,
          "f1": 0.8723404255319149,
          "support": 44
        },
        "HulaHoop": {
          "precision": 0.8421052631578947,
          "recall": 0.4444444444444444,
          "f1": 0.5818181818181818,
          "support": 36
        },
        "IceDancing": {
          "precision": 0.9767441860465116,