{
  "slurm_job_id": "45104",
  "checkpoint_path": "/home/u257295/Thesis/outputs/timesformer_f0.1_job45104/best_timesformer_model.pth",
  "best_val_top1": 68.77705627705627,
  "epochs_completed": 11,
  "max_epochs": 100,
  "early_stopping": {
    "enabled": true,
    "patience": 10,
    "min_delta": 0.0001,
    "best_val_loss": 1.4398212080140542,
    "stopped_early": true
  },
  "temporal_conditions": {
    "0.1": {
      "top1": 68.77705627705627,
      "top5": 88.01406926406926,
      "macro_precision": 0.7500787321676645,
      "macro_recall": 0.6876053543313311,
      "macro_f1": 0.6915507964154383,
      "per_class": {
        "ApplyEyeMakeup": {
          "precision": 0.8947368421052632,
          "recall": 0.918918918918919,
          "f1": 0.9066666666666667,
          "support": 37
        },
        "ApplyLipstick": {
          "precision": 0.8,
          "recall": 0.6060606060606061,
          "f1": 0.689655172413793,
          "support": 33
        },
        "Archery": {
          "precision": 0.9090909090909091,
          "recall": 0.2631578947368421,
          "f1": 0.4081632653061224,
          "support": 38
        },
        "BabyCrawling": {
          "precision": 0.5348837209302325,
          "recall": 0.5897435897435898,
          "f1": 0.5609756097560975,
          "support": 39
        },
        "BalanceBeam": {
          "precision": 0.875,
          "recall": 0.45161290322580644,
          "f1": 0.5957446808510638,
          "support": 31
        },
        "BandMarching": {
          "precision": 0.9024390243902439,
          "recall": 0.8604651162790697,
          "f1": 0.8809523809523809,
          "support": 43
        },
        "BaseballPitch": {
          "precision": 0.9375,
          "recall": 0.75,
          "f1": 0.8333333333333334,
          "support": 40
        },
        "Basketball": {
          "precision": 0.9166666666666666,
          "recall": 0.2619047619047619,
          "f1": 0.4074074074074074,
          "support": 42
        },
        "BasketballDunk": {
          "precision": 0.9743589743589743,
          "recall": 0.95,
          "f1": 0.9620253164556962,
          "support": 40
        },
        "BenchPress": {
          "precision": 0.7755102040816326,
          "recall": 0.9047619047619048,
          "f1": 0.8351648351648353,
          "support": 42
        },
        "Biking": {
          "precision": 0.972972972972973,
          "recall": 0.9,
          "f1": 0.935064935064935,
          "support": 40
        },
        "Billiards": {
          "precision": 1.0,
          "recall": 0.9047619047619048,
          "f1": 0.9500000000000001,
          "support": 42
        },
        "BlowDryHair": {
          "precision": 0.9166666666666666,
          "recall": 0.6470588235294118,
          "f1": 0.7586206896551724,
          "support": 34
        },
        "BlowingCandles": {
          "precision": 0.8125,
          "recall": 0.9285714285714286,
          "f1": 0.8666666666666666,
          "support": 28
        },
        "BodyWeightSquats": {
          "precision": 0.23809523809523808,
          "recall": 0.5,
          "f1": 0.3225806451612903,
          "support": 30
        },
        "Bowling": {
          "precision": 0.9772727272727273,
          "recall": 1.0,
          "f1": 0.9885057471264368,
          "support": 43
        },
        "BoxingPunchingBag": {
          "precision": 0.9696969696969697,
          "recall": 0.7111111111111111,
          "f1": 0.8205128205128205,
          "support": 45
        },
        "BoxingSpeedBag": {
          "precision": 0.8611111111111112,
          "recall": 0.8378378378378378,
          "f1": 0.8493150684931507,
          "support": 37
        },
        "BreastStroke": {
          "precision": 0.7272727272727273,
          "recall": 0.8275862068965517,
          "f1": 0.7741935483870968,
          "support": 29
        },
        "BrushingTeeth": {
          "precision": 0.6333333333333333,
          "recall": 0.5588235294117647,
          "f1": 0.59375,
          "support": 34
        },
        "CleanAndJerk": {
          "precision": 0.6206896551724138,
          "recall": 0.6,
          "f1": 0.6101694915254238,
          "support": 30
        },
        "CliffDiving": {
          "precision": 0.9333333333333333,
          "recall": 0.7368421052631579,
          "f1": 0.8235294117647058,
          "support": 38
        },
        "CricketBowling": {
          "precision": 0.5641025641025641,
          "recall": 0.5238095238095238,
          "f1": 0.5432098765432098,
          "support": 42
        },
        "CricketShot": {
          "precision": 0.5853658536585366,
          "recall": 0.5581395348837209,
          "f1": 0.5714285714285714,
          "support": 43
        },
        "CuttingInKitchen": {
          "precision": 0.5102040816326531,
          "recall": 0.8928571428571429,
          "f1": 0.6493506493506493,
          "support": 28
        },
        "Diving": {
          "precision": 1.0,
          "recall": 0.8947368421052632,
          "f1": 0.9444444444444444,
          "support": 38
        },
        "Drumming": {
          "precision": 0.8421052631578947,
          "recall": 0.3333333333333333,
          "f1": 0.4776119402985075,
          "support": 48
        },
        "Fencing": {
          "precision": 0.9411764705882353,
          "recall": 0.5714285714285714,
          "f1": 0.7111111111111111,
          "support": 28
        },
        "FieldHockeyPenalty": {
          "precision": 0.25862068965517243,
          "recall": 1.0,
          "f1": 0.4109589041095891,
          "support": 30
        },
        "FloorGymnastics": {
          "precision": 0.4788732394366197,
          "recall": 0.918918918918919,
          "f1": 0.6296296296296297,
          "support": 37
        },
        "FrisbeeCatch": {
          "precision": 1.0,
          "recall": 0.5135135135135135,
          "f1": 0.6785714285714285,
          "support": 37
        },
        "FrontCrawl": {
          "precision": 0.7894736842105263,
          "recall": 0.7692307692307693,
          "f1": 0.7792207792207793,
          "support": 39
        },
        "GolfSwing": {
          "precision": 0.6862745098039216,
          "recall": 0.875,
          "f1": 0.7692307692307692,
          "support": 40
        },
        "Haircut": {
          "precision": 0.8095238095238095,
          "recall": 0.4857142857142857,
          "f1": 0.6071428571428571,
          "support": 35
        },
        "HammerThrow": {
          "precision": 0.0,
          "recall": 0.0,
          "f1": 0.0,
          "support": 36
        },
        "Hammering": {
          "precision": 0.0,
          "recall": 0.0,
          "f1": 0.0,
          "support": 42
        },
        "HandstandPushups": {
          "precision": 0.8181818181818182,
          "recall": 0.6428571428571429,
          "f1": 0.7200000000000001,
          "support": 42
        },
        "HandstandWalking": {
          "precision": 0.34615384615384615,
          "recall": 0.2903225806451613,
          "f1": 0.3157894736842105,
          "support": 31
        },
        "HeadMassage": {
          "precision": 0.6428571428571429,
          "recall": 0.8780487804878049,
          "f1": 0.7422680412371134,
          "support": 41
        },
        "HighJump": {
          "precision": 0.3888888888888889,
          "recall": 0.45161290322580644,
          "f1": 0.417910447761194,
          "support": 31
        },
        "HorseRace": {
          "precision": 1.0,
          "recall": 0.9166666666666666,
          "f1": 0.9565217391304348,
          "support": 36
        },
        "HorseRiding": {
          "precision": 1.0,
          "recall": 0.9772727272727273,
          "f1": 0.9885057471264368,
          "support": 44
        },
        "HulaHoop": {
          "precision": 0.6666666666666666,
          "recall": 0.6285714285714286,
          "f1": 0.6470588235294118,
          "support": 35
        },