{
  "slurm_job_id": "44984",
  "checkpoint_path": "/home/u257295/Thesis/outputs/timesformer_f0.1_job44984/best_timesformer_model.pth",
  "best_val_top1": 69.17790113666402,
  "epochs_completed": 11,
  "max_epochs": 100,
  "early_stopping": {
    "enabled": true,
    "patience": 10,
    "min_delta": 0.0001,
    "best_val_loss": 1.3874491210273776,
    "stopped_early": true
  },
  "temporal_conditions": {
    "0.1": {
      "top1": 69.17790113666402,
      "top5": 87.23235527359239,
      "macro_precision": 0.7243850790243539,
      "macro_recall": 0.6883368967858986,
      "macro_f1": 0.6811675332428063,
      "per_class": {
        "ApplyEyeMakeup": {
          "precision": 0.5454545454545454,
          "recall": 0.8181818181818182,
          "f1": 0.6545454545454545,
          "support": 44
        },
        "ApplyLipstick": {
          "precision": 0.7,
          "recall": 0.65625,
          "f1": 0.6774193548387096,
          "support": 32
        },
        "Archery": {
          "precision": 0.72,
          "recall": 0.43902439024390244,
          "f1": 0.5454545454545455,
          "support": 41
        },
        "BabyCrawling": {
          "precision": 0.6666666666666666,
          "recall": 0.7428571428571429,
          "f1": 0.7027027027027027,
          "support": 35
        },
        "BalanceBeam": {
          "precision": 0.4444444444444444,
          "recall": 0.7741935483870968,
          "f1": 0.5647058823529412,
          "support": 31
        },
        "BandMarching": {
          "precision": 0.851063829787234,
          "recall": 0.9302325581395349,
          "f1": 0.888888888888889,
          "support": 43
        },
        "BaseballPitch": {
          "precision": 0.9487179487179487,
          "recall": 0.8604651162790697,
          "f1": 0.9024390243902439,
          "support": 43
        },
        "Basketball": {
          "precision": 0.8666666666666667,
          "recall": 0.37142857142857144,
          "f1": 0.52,
          "support": 35
        },
        "BasketballDunk": {
          "precision": 0.6981132075471698,
          "recall": 1.0,
          "f1": 0.8222222222222222,
          "support": 37
        },
        "BenchPress": {
          "precision": 0.9230769230769231,
          "recall": 0.75,
          "f1": 0.8275862068965517,
          "support": 48
        },
        "Biking": {
          "precision": 0.9459459459459459,
          "recall": 0.9210526315789473,
          "f1": 0.9333333333333332,
          "support": 38
        },
        "Billiards": {
          "precision": 1.0,
          "recall": 1.0,
          "f1": 1.0,
          "support": 40
        },
        "BlowDryHair": {
          "precision": 1.0,
          "recall": 0.15789473684210525,
          "f1": 0.2727272727272727,
          "support": 38
        },
        "BlowingCandles": {
          "precision": 0.4177215189873418,
          "recall": 1.0,
          "f1": 0.5892857142857143,
          "support": 33
        },
        "BodyWeightSquats": {
          "precision": 0.6666666666666666,
          "recall": 0.26666666666666666,
          "f1": 0.3809523809523809,
          "support": 30
        },
        "Bowling": {
          "precision": 0.6086956521739131,
          "recall": 0.9767441860465116,
          "f1": 0.75,
          "support": 43
        },
        "BoxingPunchingBag": {
          "precision": 0.75,
          "recall": 0.6122448979591837,
          "f1": 0.6741573033707865,
          "support": 49
        },
        "BoxingSpeedBag": {
          "precision": 0.5636363636363636,
          "recall": 0.8378378378378378,
          "f1": 0.6739130434782609,
          "support": 37
        },
        "BreastStroke": {
          "precision": 0.8181818181818182,
          "recall": 0.32142857142857145,
          "f1": 0.46153846153846156,
          "support": 28
        },
        "BrushingTeeth": {
          "precision": 0.75,
          "recall": 0.3333333333333333,
          "f1": 0.46153846153846156,
          "support": 36
        },
        "CleanAndJerk": {
          "precision": 0.6444444444444445,
          "recall": 0.8787878787878788,
          "f1": 0.7435897435897436,
          "support": 33
        },
        "CliffDiving": {
          "precision": 0.8484848484848485,
          "recall": 0.717948717948718,
          "f1": 0.7777777777777778,
          "support": 39
        },
        "CricketBowling": {
          "precision": 0.3333333333333333,
          "recall": 0.19444444444444445,
          "f1": 0.24561403508771928,
          "support": 36
        },
        "CricketShot": {
          "precision": 0.4909090909090909,
          "recall": 0.5510204081632653,
          "f1": 0.5192307692307692,
          "support": 49
        },
        "CuttingInKitchen": {
          "precision": 0.6,
          "recall": 1.0,
          "f1": 0.7499999999999999,
          "support": 33
        },
        "Diving": {
          "precision": 0.9767441860465116,
          "recall": 0.9333333333333333,
          "f1": 0.9545454545454545,
          "support": 45
        },
        "Drumming": {
          "precision": 0.9166666666666666,
          "recall": 0.7333333333333333,
          "f1": 0.8148148148148148,
          "support": 45
        },
        "Fencing": {
          "precision": 0.8918918918918919,
          "recall": 0.9705882352941176,
          "f1": 0.9295774647887325,
          "support": 34
        },
        "FieldHockeyPenalty": {
          "precision": 0.7575757575757576,
          "recall": 0.625,
          "f1": 0.6849315068493151,
          "support": 40
        },
        "FloorGymnastics": {
          "precision": 0.7209302325581395,
          "recall": 0.8611111111111112,
          "f1": 0.7848101265822784,
          "support": 36
        },
        "FrisbeeCatch": {
          "precision": 0.8205128205128205,
          "recall": 0.8648648648648649,
          "f1": 0.8421052631578947,
          "support": 37
        },
        "FrontCrawl": {
          "precision": 0.603448275862069,
          "recall": 0.9459459459459459,
          "f1": 0.7368421052631577,
          "support": 37
        },
        "GolfSwing": {
          "precision": 0.4864864864864865,
          "recall": 0.9230769230769231,
          "f1": 0.6371681415929203,
          "support": 39
        },
        "Haircut": {
          "precision": 0.4117647058823529,
          "recall": 0.6363636363636364,
          "f1": 0.5,
          "support": 33
        },
        "HammerThrow": {
          "precision": 0.0,
          "recall": 0.0,
          "f1": 0.0,
          "support": 45
        },
        "Hammering": {
          "precision": 0.0,
          "recall": 0.0,
          "f1": 0.0,
          "support": 33
        },
        "HandstandPushups": {
          "precision": 0.7307692307692307,
          "recall": 0.6785714285714286,
          "f1": 0.7037037037037038,
          "support": 28
        },
        "HandstandWalking": {
          "precision": 0.3142857142857143,
          "recall": 0.3235294117647059,
          "f1": 0.31884057971014496,
          "support": 34
        },
        "HeadMassage": {
          "precision": 0.8095238095238095,
          "recall": 0.8292682926829268,
          "f1": 0.8192771084337348,
          "support": 41
        },
        "HighJump": {
          "precision": 0.3387096774193548,
          "recall": 0.5675675675675675,
          "f1": 0.42424242424242425,
          "support": 37
        },
        "HorseRace": {
          "precision": 1.0,
          "recall": 0.7714285714285715,
          "f1": 0.870967741935484,
          "support": 35
        },
        "HorseRiding": {
          "precision": 0.9795918367346939,
          "recall": 0.9795918367346939,
          "f1": 0.9795918367346939,
          "support": 49
        },
        "HulaHoop": {
          "precision": 0.8846153846153846,
          "recall": 0.6764705882352942,
          "f1": 0.7666666666666666,
          "support": 34
        },