{
  "slurm_job_id": "44986",
  "checkpoint_path": "/home/u257295/Thesis/outputs/timesformer_f0.5_job44986/best_timesformer_model.pth",
  "best_val_top1": 79.16997092254825,
  "epochs_completed": 11,
  "max_epochs": 100,
  "early_stopping": {
    "enabled": true,
    "patience": 10,
    "min_delta": 0.0001,
    "best_val_loss": 0.8971518948487149,
    "stopped_early": true
  },
  "temporal_conditions": {
    "0.5": {
      "top1": 79.16997092254825,
      "top5": 92.99497753106,
      "macro_precision": 0.8170670905398509,
      "macro_recall": 0.7911504634638904,
      "macro_f1": 0.7893816322336982,
      "per_class": {
        "ApplyEyeMakeup": {
          "precision": 0.6935483870967742,
          "recall": 0.9772727272727273,
          "f1": 0.8113207547169812,
          "support": 44
        },
        "ApplyLipstick": {
          "precision": 0.8378378378378378,
          "recall": 0.96875,
          "f1": 0.8985507246376812,
          "support": 32
        },
        "Archery": {
          "precision": 0.5142857142857142,
          "recall": 0.8780487804878049,
          "f1": 0.6486486486486487,
          "support": 41
        },
        "BabyCrawling": {
          "precision": 1.0,
          "recall": 0.8571428571428571,
          "f1": 0.923076923076923,
          "support": 35
        },
        "BalanceBeam": {
          "precision": 0.9565217391304348,
          "recall": 0.7096774193548387,
          "f1": 0.8148148148148149,
          "support": 31
        },
        "BandMarching": {
          "precision": 0.9285714285714286,
          "recall": 0.9069767441860465,
          "f1": 0.9176470588235294,
          "support": 43
        },
        "BaseballPitch": {
          "precision": 0.9736842105263158,
          "recall": 0.8604651162790697,
          "f1": 0.9135802469135803,
          "support": 43
        },
        "Basketball": {
          "precision": 1.0,
          "recall": 0.45714285714285713,
          "f1": 0.6274509803921569,
          "support": 35
        },
        "BasketballDunk": {
          "precision": 0.9736842105263158,
          "recall": 1.0,
          "f1": 0.9866666666666666,
          "support": 37
        },
        "BenchPress": {
          "precision": 1.0,
          "recall": 1.0,
          "f1": 1.0,
          "support": 48
        },
        "Biking": {
          "precision": 0.9743589743589743,
          "recall": 1.0,
          "f1": 0.9870129870129869,
          "support": 38
        },
        "Billiards": {
          "precision": 1.0,
          "recall": 1.0,
          "f1": 1.0,
          "support": 40
        },
        "BlowDryHair": {
          "precision": 0.7894736842105263,
          "recall": 0.39473684210526316,
          "f1": 0.5263157894736843,
          "support": 38
        },
        "BlowingCandles": {
          "precision": 0.967741935483871,
          "recall": 0.9090909090909091,
          "f1": 0.9374999999999999,
          "support": 33
        },
        "BodyWeightSquats": {
          "precision": 1.0,
          "recall": 0.5666666666666667,
          "f1": 0.7234042553191489,
          "support": 30
        },
        "Bowling": {
          "precision": 0.9302325581395349,
          "recall": 0.9302325581395349,
          "f1": 0.9302325581395349,
          "support": 43
        },
        "BoxingPunchingBag": {
          "precision": 0.8918918918918919,
          "recall": 0.673469387755102,
          "f1": 0.7674418604651163,
          "support": 49
        },
        "BoxingSpeedBag": {
          "precision": 0.5106382978723404,
          "recall": 0.6486486486486487,
          "f1": 0.5714285714285715,
          "support": 37
        },
        "BreastStroke": {
          "precision": 0.9583333333333334,
          "recall": 0.8214285714285714,
          "f1": 0.8846153846153847,
          "support": 28
        },
        "BrushingTeeth": {
          "precision": 0.75,
          "recall": 0.6666666666666666,
          "f1": 0.7058823529411765,
          "support": 36
        },
        "CleanAndJerk": {
          "precision": 0.9642857142857143,
          "recall": 0.8181818181818182,
          "f1": 0.8852459016393442,
          "support": 33
        },
        "CliffDiving": {
          "precision": 0.96875,
          "recall": 0.7948717948717948,
          "f1": 0.8732394366197183,
          "support": 39
        },
        "CricketBowling": {
          "precision": 0.6333333333333333,
          "recall": 0.5277777777777778,
          "f1": 0.5757575757575758,
          "support": 36
        },
        "CricketShot": {
          "precision": 0.5777777777777777,
          "recall": 0.5306122448979592,
          "f1": 0.5531914893617021,
          "support": 49
        },
        "CuttingInKitchen": {
          "precision": 0.9696969696969697,
          "recall": 0.9696969696969697,
          "f1": 0.9696969696969697,
          "support": 33
        },
        "Diving": {
          "precision": 0.9782608695652174,
          "recall": 1.0,
          "f1": 0.989010989010989,
          "support": 45
        },
        "Drumming": {
          "precision": 0.84,
          "recall": 0.9333333333333333,
          "f1": 0.8842105263157894,
          "support": 45
        },
        "Fencing": {
          "precision": 0.9705882352941176,
          "recall": 0.9705882352941176,
          "f1": 0.9705882352941176,
          "support": 34
        },
        "FieldHockeyPenalty": {
          "precision": 0.8108108108108109,
          "recall": 0.75,
          "f1": 0.7792207792207791,
          "support": 40
        },
        "FloorGymnastics": {
          "precision": 1.0,
          "recall": 0.9722222222222222,
          "f1": 0.9859154929577464,
          "support": 36
        },
        "FrisbeeCatch": {
          "precision": 1.0,
          "recall": 0.8378378378378378,
          "f1": 0.911764705882353,
          "support": 37
        },
        "FrontCrawl": {
          "precision": 0.8947368421052632,
          "recall": 0.918918918918919,
          "f1": 0.9066666666666667,
          "support": 37
        },
        "GolfSwing": {
          "precision": 0.5205479452054794,
          "recall": 0.9743589743589743,
          "f1": 0.6785714285714285,
          "support": 39
        },
        "Haircut": {
          "precision": 0.3939393939393939,
          "recall": 0.7878787878787878,
          "f1": 0.5252525252525253,
          "support": 33
        },
        "HammerThrow": {
          "precision": 0.0,
          "recall": 0.0,
          "f1": 0.0,
          "support": 45
        },
        "Hammering": {
          "precision": 0.0,
          "recall": 0.0,
          "f1": 0.0,
          "support": 33
        },
        "HandstandPushups": {
          "precision": 0.6206896551724138,
          "recall": 0.6428571428571429,
          "f1": 0.6315789473684211,
          "support": 28
        },
        "HandstandWalking": {
          "precision": 0.8095238095238095,
          "recall": 0.5,
          "f1": 0.6181818181818182,
          "support": 34
        },
        "HeadMassage": {
          "precision": 0.75,
          "recall": 0.9512195121951219,
          "f1": 0.8387096774193549,
          "support": 41
        },
        "HighJump": {
          "precision": 0.0,
          "recall": 0.0,
          "f1": 0.0,
          "support": 37
        },
        "HorseRace": {
          "precision": 1.0,
          "recall": 0.9428571428571428,
          "f1": 0.9705882352941176,
          "support": 35
        },
        "HorseRiding": {
          "precision": 1.0,
          "recall": 0.9795918367346939,
          "f1": 0.9896907216494846,
          "support": 49
        },
        "HulaHoop": {
          "precision": 0.9354838709677419,
          "recall": 0.8529411764705882,
          "f1": 0.8923076923076922,
          "support": 34
        },
        "IceDancing": {
          "precision": 1.0,
          "recall": 1.0,
          "f1": 1.0,