{
  "slurm_job_id": "44636",
  "checkpoint_path": "/home/u257295/Thesis/outputs/resnet_f0.1_job44636/best_resnet_model.pth",
  "best_val_top1": 66.2560257096947,
  "temporal_conditions": {
    "0.1": {
      "top1": 66.2560257096947,
      "top5": 86.87734333154793,
      "macro_precision": 0.6879412078244066,
      "macro_recall": 0.6612988476661352,
      "macro_f1": 0.65072112771046,
      "per_class": {
        "ApplyEyeMakeup": {
          "precision": 0.6046511627906976,
          "recall": 0.6666666666666666,
          "f1": 0.6341463414634145,
          "support": 39
        },
        "ApplyLipstick": {
          "precision": 0.6511627906976745,
          "recall": 0.9655172413793104,
          "f1": 0.7777777777777779,
          "support": 29
        },
        "Archery": {
          "precision": 0.6875,
          "recall": 0.2682926829268293,
          "f1": 0.38596491228070173,
          "support": 41
        },
        "BabyCrawling": {
          "precision": 0.8620689655172413,
          "recall": 0.7142857142857143,
          "f1": 0.7812500000000001,
          "support": 35
        },
        "BalanceBeam": {
          "precision": 0.5576923076923077,
          "recall": 1.0,
          "f1": 0.7160493827160493,
          "support": 29
        },
        "BandMarching": {
          "precision": 0.7884615384615384,
          "recall": 0.9111111111111111,
          "f1": 0.845360824742268,
          "support": 45
        },
        "BaseballPitch": {
          "precision": 1.0,
          "recall": 0.8461538461538461,
          "f1": 0.9166666666666666,
          "support": 39
        },
        "Basketball": {
          "precision": 0.4375,
          "recall": 0.21212121212121213,
          "f1": 0.2857142857142857,
          "support": 33
        },
        "BasketballDunk": {
          "precision": 0.8372093023255814,
          "recall": 1.0,
          "f1": 0.9113924050632911,
          "support": 36
        },
        "BenchPress": {
          "precision": 0.7719298245614035,
          "recall": 1.0,
          "f1": 0.8712871287128713,
          "support": 44
        },
        "Biking": {
          "precision": 1.0,
          "recall": 0.5555555555555556,
          "f1": 0.7142857142857143,
          "support": 36
        },
        "Billiards": {
          "precision": 1.0,
          "recall": 1.0,
          "f1": 1.0,
          "support": 46
        },
        "BlowDryHair": {
          "precision": 0.53125,
          "recall": 0.425,
          "f1": 0.47222222222222215,
          "support": 40
        },
        "BlowingCandles": {
          "precision": 0.7222222222222222,
          "recall": 0.8666666666666667,
          "f1": 0.7878787878787877,
          "support": 30
        },
        "BodyWeightSquats": {
          "precision": 0.45454545454545453,
          "recall": 0.3125,
          "f1": 0.3703703703703703,
          "support": 32
        },
        "Bowling": {
          "precision": 0.8043478260869565,
          "recall": 0.8604651162790697,
          "f1": 0.8314606741573034,
          "support": 43
        },
        "BoxingPunchingBag": {
          "precision": 0.7619047619047619,
          "recall": 0.3902439024390244,
          "f1": 0.5161290322580646,
          "support": 41
        },
        "BoxingSpeedBag": {
          "precision": 0.8095238095238095,
          "recall": 0.85,
          "f1": 0.8292682926829269,
          "support": 40
        },
        "BreastStroke": {
          "precision": 0.6176470588235294,
          "recall": 0.75,
          "f1": 0.6774193548387097,
          "support": 28
        },
        "BrushingTeeth": {
          "precision": 0.47619047619047616,
          "recall": 0.29411764705882354,
          "f1": 0.3636363636363637,
          "support": 34
        },
        "CleanAndJerk": {
          "precision": 0.625,
          "recall": 0.7575757575757576,
          "f1": 0.6849315068493151,
          "support": 33
        },
        "CliffDiving": {
          "precision": 0.4342105263157895,
          "recall": 0.8048780487804879,
          "f1": 0.5641025641025641,
          "support": 41
        },
        "CricketBowling": {
          "precision": 1.0,
          "recall": 0.1282051282051282,
          "f1": 0.22727272727272727,
          "support": 39
        },
        "CricketShot": {
          "precision": 0.4772727272727273,
          "recall": 0.42857142857142855,
          "f1": 0.4516129032258064,
          "support": 49
        },
        "CuttingInKitchen": {
          "precision": 0.8846153846153846,
          "recall": 0.7419354838709677,
          "f1": 0.8070175438596492,
          "support": 31
        },
        "Diving": {
          "precision": 0.9047619047619048,
          "recall": 0.8636363636363636,
          "f1": 0.8837209302325582,
          "support": 44
        },
        "Drumming": {
          "precision": 0.9473684210526315,
          "recall": 0.8372093023255814,
          "f1": 0.8888888888888888,
          "support": 43
        },
        "Fencing": {
          "precision": 0.9310344827586207,
          "recall": 0.8181818181818182,
          "f1": 0.8709677419354839,
          "support": 33
        },
        "FieldHockeyPenalty": {
          "precision": 0.7692307692307693,
          "recall": 0.8108108108108109,
          "f1": 0.7894736842105263,
          "support": 37
        },
        "FloorGymnastics": {
          "precision": 0.6285714285714286,
          "recall": 0.6285714285714286,
          "f1": 0.6285714285714286,
          "support": 35
        },
        "FrisbeeCatch": {
          "precision": 0.7837837837837838,
          "recall": 0.8529411764705882,
          "f1": 0.8169014084507041,
          "support": 34
        },
        "FrontCrawl": {
          "precision": 0.5806451612903226,
          "recall": 0.47368421052631576,
          "f1": 0.5217391304347826,
          "support": 38
        },
        "GolfSwing": {
          "precision": 0.5714285714285714,
          "recall": 0.7272727272727273,
          "f1": 0.64,
          "support": 33
        },
        "Haircut": {
          "precision": 0.37681159420289856,
          "recall": 0.7027027027027027,
          "f1": 0.49056603773584906,
          "support": 37
        },
        "HammerThrow": {
          "precision": 0.0,
          "recall": 0.0,
          "f1": 0.0,
          "support": 46
        },
        "Hammering": {
          "precision": 0.0,
          "recall": 0.0,
          "f1": 0.0,
          "support": 41
        },
        "HandstandPushups": {
          "precision": 0.5370370370370371,
          "recall": 0.7837837837837838,
          "f1": 0.6373626373626374,
          "support": 37
        },
        "HandstandWalking": {
          "precision": 0.075,
          "recall": 0.10714285714285714,
          "f1": 0.08823529411764705,
          "support": 28
        },
        "HeadMassage": {
          "precision": 0.8421052631578947,
          "recall": 0.4,
          "f1": 0.5423728813559322,
          "support": 40
        },
        "HighJump": {
          "precision": 0.3488372093023256,
          "recall": 0.4411764705882353,
          "f1": 0.38961038961038963,
          "support": 34
        },
        "HorseRace": {
          "precision": 1.0,
          "recall": 0.9393939393939394,
          "f1": 0.96875,
          "support": 33
        },
        "HorseRiding": {
          "precision": 0.8947368421052632,
          "recall": 0.7727272727272727,
          "f1": 0.8292682926829269,
          "support": 44
        },
        "HulaHoop": {
          "precision": 0.8,
          "recall": 0.3333333333333333,
          "f1": 0.47058823529411764,
          "support": 36
        },
        "IceDancing": {
          "precision": 0.875,
          "recall": 1.0,
          "f1": 0.9333333333333333,
          "support": 42
        },
        "JavelinThrow": {
          "precision": 0.3055555555555556,
          "recall": 0.3333333333333333,