{
  "slurm_job_id": "44659",
  "checkpoint_path": "/home/u257295/Thesis/outputs/resnet_f0.25_job44659/best_resnet_model.pth",
  "best_val_top1": 68.34415584415584,
  "temporal_conditions": {
    "0.25": {
      "top1": 68.34415584415584,
      "top5": 88.7987012987013,
      "macro_precision": 0.7102040696392377,
      "macro_recall": 0.6844108987979355,
      "macro_f1": 0.6769397452253497,
      "per_class": {
        "ApplyEyeMakeup": {
          "precision": 0.5818181818181818,
          "recall": 0.8648648648648649,
          "f1": 0.6956521739130435,
          "support": 37
        },
        "ApplyLipstick": {
          "precision": 0.8076923076923077,
          "recall": 0.6363636363636364,
          "f1": 0.7118644067796609,
          "support": 33
        },
        "Archery": {
          "precision": 0.4583333333333333,
          "recall": 0.2894736842105263,
          "f1": 0.3548387096774194,
          "support": 38
        },
        "BabyCrawling": {
          "precision": 0.8666666666666667,
          "recall": 0.6666666666666666,
          "f1": 0.7536231884057971,
          "support": 39
        },
        "BalanceBeam": {
          "precision": 0.9565217391304348,
          "recall": 0.7096774193548387,
          "f1": 0.8148148148148149,
          "support": 31
        },
        "BandMarching": {
          "precision": 0.8055555555555556,
          "recall": 0.6744186046511628,
          "f1": 0.7341772151898734,
          "support": 43
        },
        "BaseballPitch": {
          "precision": 0.8205128205128205,
          "recall": 0.8,
          "f1": 0.810126582278481,
          "support": 40
        },
        "Basketball": {
          "precision": 0.7083333333333334,
          "recall": 0.40476190476190477,
          "f1": 0.5151515151515152,
          "support": 42
        },
        "BasketballDunk": {
          "precision": 1.0,
          "recall": 0.95,
          "f1": 0.9743589743589743,
          "support": 40
        },
        "BenchPress": {
          "precision": 0.975609756097561,
          "recall": 0.9523809523809523,
          "f1": 0.963855421686747,
          "support": 42
        },
        "Biking": {
          "precision": 0.7307692307692307,
          "recall": 0.95,
          "f1": 0.8260869565217392,
          "support": 40
        },
        "Billiards": {
          "precision": 0.8260869565217391,
          "recall": 0.9047619047619048,
          "f1": 0.8636363636363636,
          "support": 42
        },
        "BlowDryHair": {
          "precision": 0.4883720930232558,
          "recall": 0.6176470588235294,
          "f1": 0.5454545454545455,
          "support": 34
        },
        "BlowingCandles": {
          "precision": 0.8484848484848485,
          "recall": 1.0,
          "f1": 0.9180327868852458,
          "support": 28
        },
        "BodyWeightSquats": {
          "precision": 0.33962264150943394,
          "recall": 0.6,
          "f1": 0.4337349397590361,
          "support": 30
        },
        "Bowling": {
          "precision": 1.0,
          "recall": 0.9767441860465116,
          "f1": 0.988235294117647,
          "support": 43
        },
        "BoxingPunchingBag": {
          "precision": 0.8333333333333334,
          "recall": 0.3333333333333333,
          "f1": 0.47619047619047616,
          "support": 45
        },
        "BoxingSpeedBag": {
          "precision": 0.9655172413793104,
          "recall": 0.7567567567567568,
          "f1": 0.8484848484848485,
          "support": 37
        },
        "BreastStroke": {
          "precision": 0.7096774193548387,
          "recall": 0.7586206896551724,
          "f1": 0.7333333333333333,
          "support": 29
        },
        "BrushingTeeth": {
          "precision": 0.5555555555555556,
          "recall": 0.5882352941176471,
          "f1": 0.5714285714285715,
          "support": 34
        },
        "CleanAndJerk": {
          "precision": 0.6428571428571429,
          "recall": 0.9,
          "f1": 0.75,
          "support": 30
        },
        "CliffDiving": {
          "precision": 0.7741935483870968,
          "recall": 0.631578947368421,
          "f1": 0.6956521739130435,
          "support": 38
        },
        "CricketBowling": {
          "precision": 0.5490196078431373,
          "recall": 0.6666666666666666,
          "f1": 0.6021505376344086,
          "support": 42
        },
        "CricketShot": {
          "precision": 0.30434782608695654,
          "recall": 0.16279069767441862,
          "f1": 0.21212121212121213,
          "support": 43
        },
        "CuttingInKitchen": {
          "precision": 0.7,
          "recall": 1.0,
          "f1": 0.8235294117647058,
          "support": 28
        },
        "Diving": {
          "precision": 0.9487179487179487,
          "recall": 0.9736842105263158,
          "f1": 0.9610389610389611,
          "support": 38
        },
        "Drumming": {
          "precision": 0.9473684210526315,
          "recall": 0.375,
          "f1": 0.537313432835821,
          "support": 48
        },
        "Fencing": {
          "precision": 0.9523809523809523,
          "recall": 0.7142857142857143,
          "f1": 0.8163265306122449,
          "support": 28
        },
        "FieldHockeyPenalty": {
          "precision": 0.6,
          "recall": 0.9,
          "f1": 0.7200000000000001,
          "support": 30
        },
        "FloorGymnastics": {
          "precision": 0.66,
          "recall": 0.8918918918918919,
          "f1": 0.7586206896551725,
          "support": 37
        },
        "FrisbeeCatch": {
          "precision": 0.75,
          "recall": 0.8918918918918919,
          "f1": 0.8148148148148148,
          "support": 37
        },
        "FrontCrawl": {
          "precision": 0.6511627906976745,
          "recall": 0.717948717948718,
          "f1": 0.6829268292682927,
          "support": 39
        },
        "GolfSwing": {
          "precision": 0.6511627906976745,
          "recall": 0.7,
          "f1": 0.674698795180723,
          "support": 40
        },
        "Haircut": {
          "precision": 0.7391304347826086,
          "recall": 0.4857142857142857,
          "f1": 0.5862068965517241,
          "support": 35
        },
        "HammerThrow": {
          "precision": 0.0,
          "recall": 0.0,
          "f1": 0.0,
          "support": 36
        },
        "Hammering": {
          "precision": 0.029411764705882353,
          "recall": 0.047619047619047616,
          "f1": 0.036363636363636355,
          "support": 42
        },
        "HandstandPushups": {
          "precision": 0.8484848484848485,
          "recall": 0.6666666666666666,
          "f1": 0.7466666666666666,
          "support": 42
        },
        "HandstandWalking": {
          "precision": 0.16216216216216217,
          "recall": 0.3870967741935484,
          "f1": 0.22857142857142856,
          "support": 31
        },
        "HeadMassage": {
          "precision": 0.8333333333333334,
          "recall": 0.36585365853658536,
          "f1": 0.5084745762711864,
          "support": 41
        },
        "HighJump": {
          "precision": 0.2823529411764706,
          "recall": 0.7741935483870968,
          "f1": 0.41379310344827586,
          "support": 31
        },
        "HorseRace": {
          "precision": 0.8372093023255814,
          "recall": 1.0,
          "f1": 0.9113924050632911,
          "support": 36
        },
        "HorseRiding": {
          "precision": 0.9285714285714286,
          "recall": 0.8863636363636364,
          "f1": 0.9069767441860465,
          "support": 44
        },
        "HulaHoop": {
          "precision": 0.6326530612244898,
          "recall": 0.8857142857142857,
          "f1": 0.7380952380952381,
          "support": 35
        },
        "IceDancing": {
          "precision": 0.8666666666666667,
          "recall": 0.9285714285714286,
          "f1": 0.896551724137931,